file,cohort,ch,jump_rate,flat1s_rate,std_med
SC4001E0-PSG.edf,SC,EEG Fpz-Cz,0.0,0.0,21.731193445248916
SC4001E0-PSG.edf,SC,EEG Pz-Oz,0.0,0.0,8.14155026623435
SC4001E0-PSG.edf,SC,EOG horizontal,0.0,0.0,69.0433895198172
SC4002E0-PSG.edf,SC,EEG Fpz-Cz,0.0,0.0,27.68606285598915
SC4002E0-PSG.edf,SC,EEG Pz-Oz,0.0,0.0,9.806867650387112
SC4002E0-PSG.edf,SC,EOG horizontal,0.0,0.0,68.81548022606401
SC4011E0-PSG.edf,SC,EEG Fpz-Cz,0.0,0.0,26.96723638884967
SC4011E0-PSG.edf,SC,EEG Pz-Oz,0.0,0.0,9.982723750420101
SC4011E0-PSG.edf,SC,EOG horizontal,0.0,0.0,77.34882314349952
SC4012E0-PSG.edf,SC,EEG Fpz-Cz,0.0,0.0,25.76665935311177
SC4012E0-PSG.edf,SC,EEG Pz-Oz,0.0,0.0,13.231807494823649
SC4012E0-PSG.edf,SC,EOG horizontal,0.0,0.0,96.48971697923918
SC4021E0-PSG.edf,SC,EEG Fpz-Cz,0.0,0.0,14.697281958073287
SC4021E0-PSG.edf,SC,EEG Pz-Oz,0.0,0.0,13.235954002798579
SC4021E0-PSG.edf,SC,EOG horizontal,0.0,0.0,41.16459995081462
SC4022E0-PSG.edf,SC,EEG Fpz-Cz,0.0,0.0,26.577859156380374
SC4022E0-PSG.edf,SC,EEG Pz-Oz,0.0,0.0,9.264603843127887
SC4022E0-PSG.edf,SC,EOG horizontal,0.0,0.0,109.29021771818901
SC4031E0-PSG.edf,SC,EEG Fpz-Cz,0.0,0.0,16.20155844447355
SC4031E0-PSG.edf,SC,EEG Pz-Oz,0.0,0.0,21.62032477816531
SC4031E0-PSG.edf,SC,EOG horizontal,0.0,0.0,95.68664622021883
SC4032E0-PSG.edf,SC,EEG Fpz-Cz,0.0,0.0,27.591933816657864
SC4032E0-PSG.edf,SC,EEG Pz-Oz,0.0,0.0,14.276171688076062
SC4032E0-PSG.edf,SC,EOG horizontal,0.0,0.0,111.21627598204965
SC4041E0-PSG.edf,SC,EEG Fpz-Cz,0.0,0.0,25.0489504141714
SC4041E0-PSG.edf,SC,EEG Pz-Oz,0.0,0.0,9.273761816042537
SC4041E0-PSG.edf,SC,EOG horizontal,0.0,0.0,61.38338056964514
SC4042E0-PSG.edf,SC,EEG Fpz-Cz,0.0,0.0,32.98572767226294
SC4042E0-PSG.edf,SC,EEG Pz-Oz,0.0,0.0,12.118529887288723
SC4042E0-PSG.edf,SC,EOG horizontal,0.0,0.0,69.5726423656163
SC4051E0-PSG.edf,SC,EEG Fpz-Cz,0.0,0.0,38.49516535705553
SC4051E0-PSG.edf,SC,EEG Pz-Oz,0.0,0.0,14.599542186827232
SC4051E0-PSG.edf,SC,EOG horizontal,0.0,0.0,94.78340513968294
SC4052E0-PSG.edf,SC,EEG Fpz-Cz,0.0,0.0,30.01992957636375
SC4052E0-PSG.edf,SC,EEG Pz-Oz,0.0,0.0,16.349818325634228
SC4052E0-PSG.edf,SC,EOG horizontal,0.0,0.0,73.24673372856533
SC4061E0-PSG.edf,SC,EEG Fpz-Cz,0.0,0.0,35.0174776752084
SC4061E0-PSG.edf,SC,EEG Pz-Oz,0.0,0.0,7.669321587044719
SC4061E0-PSG.edf,SC,EOG horizontal,3.333888981496916e-05,0.0,144.5730525198137
SC4062E0-PSG.edf,SC,EEG Fpz-Cz,0.0,0.0,19.84072228284653
SC4062E0-PSG.edf,SC,EEG Pz-Oz,0.0,0.0,15.664010042814748
SC4062E0-PSG.edf,SC,EOG horizontal,0.0,0.0,92.23305287384267
SC4071E0-PSG.edf,SC,EEG Fpz-Cz,0.0,0.0,16.16394000506976
SC4071E0-PSG.edf,SC,EEG Pz-Oz,0.0,0.0,10.855810672869673
SC4071E0-PSG.edf,SC,EOG horizontal,0.0,0.0,41.66112125386549
SC4072E0-PSG.edf,SC,EEG Fpz-Cz,0.0,0.0,28.11175735247737
SC4072E0-PSG.edf,SC,EEG Pz-Oz,0.0,0.0,12.856316247432634
SC4072E0-PSG.edf,SC,EOG horizontal,0.0,0.0,76.55044939256925
SC4081E0-PSG.edf,SC,EEG Fpz-Cz,0.0,0.0,26.90318764798814
SC4081E0-PSG.edf,SC,EEG Pz-Oz,0.0,0.0,10.416727734622533
SC4081E0-PSG.edf,SC,EOG horizontal,0.0,0.0,87.7274501334361
SC4082E0-PSG.edf,SC,EEG Fpz-Cz,0.0,0.0,31.83734748399164
SC4082E0-PSG.edf,SC,EEG Pz-Oz,0.0,0.0,10.678237039228861
SC4082E0-PSG.edf,SC,EOG horizontal,0.0,0.0,87.58260536235032
SC4091E0-PSG.edf,SC,EEG Fpz-Cz,0.0,0.0,29.269585955032998
SC4091E0-PSG.edf,SC,EEG Pz-Oz,0.0,0.0,13.96650086786606
SC4091E0-PSG.edf,SC,EOG horizontal,0.0,0.0,70.25195742854562
SC4092E0-PSG.edf,SC,EEG Fpz-Cz,0.0,0.0,40.16012901437039
SC4092E0-PSG.edf,SC,EEG Pz-Oz,0.0,0.0,14.871017239965823
SC4092E0-PSG.edf,SC,EOG horizontal,0.0,0.0,74.2819933275313
SC4101E0-PSG.edf,SC,EEG Fpz-Cz,0.0,0.0,16.52794594621332
SC4101E0-PSG.edf,SC,EEG Pz-Oz,0.0,0.0,6.49896771896773
SC4101E0-PSG.edf,SC,EOG horizontal,0.0,0.0,58.66129596499029
SC4102E0-PSG.edf,SC,EEG Fpz-Cz,0.0,0.0,19.858305909899332
SC4102E0-PSG.edf,SC,EEG Pz-Oz,0.0,0.0,6.386776250974426
SC4102E0-PSG.edf,SC,EOG horizontal,0.0,0.0,67.81982224070296
SC4111E0-PSG.edf,SC,EEG Fpz-Cz,0.0,0.0,30.002563526253248
SC4111E0-PSG.edf,SC,EEG Pz-Oz,0.0,0.0,12.920127929075498
SC4111E0-PSG.edf,SC,EOG horizontal,0.0,0.0,72.30635622231662
SC4112E0-PSG.edf,SC,EEG Fpz-Cz,0.0,0.0,30.457859224020673
SC4112E0-PSG.edf,SC,EEG Pz-Oz,0.0,0.0,12.457055789206246
SC4112E0-PSG.edf,SC,EOG horizontal,0.0,0.0,81.8388173522166
SC4121E0-PSG.edf,SC,EEG Fpz-Cz,0.0,0.0,23.9758963564178
SC4121E0-PSG.edf,SC,EEG Pz-Oz,0.0,0.0,5.984002542294651
SC4121E0-PSG.edf,SC,EOG horizontal,0.0,0.0,43.27398568046951
SC4122E0-PSG.edf,SC,EEG Fpz-Cz,0.0,0.0,22.876289520921958
SC4122E0-PSG.edf,SC,EEG Pz-Oz,0.0,0.0,5.629069426614734
SC4122E0-PSG.edf,SC,EOG horizontal,0.0,0.0,75.05599667602252
SC4131E0-PSG.edf,SC,EEG Fpz-Cz,0.0,0.0,27.406672118741362
SC4131E0-PSG.edf,SC,EEG Pz-Oz,0.0,0.0,8.085269137384085
SC4131E0-PSG.edf,SC,EOG horizontal,0.0,0.0,68.56136941299695
SC4141E0-PSG.edf,SC,EEG Fpz-Cz,0.0,0.0,21.5102593855006
SC4141E0-PSG.edf,SC,EEG Pz-Oz,0.0,0.0,8.304223643026607
SC4141E0-PSG.edf,SC,EOG horizontal,0.0,0.0,63.66417138780796
SC4142E0-PSG.edf,SC,EEG Fpz-Cz,0.0,0.0,21.794961932805826
SC4142E0-PSG.edf,SC,EEG Pz-Oz,0.0,0.0,8.892516311045426
SC4142E0-PSG.edf,SC,EOG horizontal,0.0,0.0,84.12113230817715
SC4151E0-PSG.edf,SC,EEG Fpz-Cz,0.0,0.0,20.52419345055799
SC4151E0-PSG.edf,SC,EEG Pz-Oz,0.0,0.0,6.98570244073888
SC4151E0-PSG.edf,SC,EOG horizontal,0.0,0.0,62.61844686814601
SC4152E0-PSG.edf,SC,EEG Fpz-Cz,0.0,0.0,20.93354202791093
SC4152E0-PSG.edf,SC,EEG Pz-Oz,0.0,0.0,10.240473145948496
SC4152E0-PSG.edf,SC,EOG horizontal,0.0,0.0,68.37525498142739
SC4161E0-PSG.edf,SC,EEG Fpz-Cz,0.0,0.0,30.85015951042376
SC4161E0-PSG.edf,SC,EEG Pz-Oz,0.0,0.0,12.737814697768707
SC4161E0-PSG.edf,SC,EOG horizontal,8.33472245374229e-06,0.0,63.001184258646234
SC4162E0-PSG.edf,SC,EEG Fpz-Cz,0.0,0.0,27.023817250715673
SC4162E0-PSG.edf,SC,EEG Pz-Oz,0.0,0.0,9.740783434819775
SC4162E0-PSG.edf,SC,EOG horizontal,0.0,0.0,45.79344263955062
SC4171E0-PSG.edf,SC,EEG Fpz-Cz,0.0,0.0,22.380623589887986
SC4171E0-PSG.edf,SC,EEG Pz-Oz,0.0,0.0,10.217963751219639
SC4171E0-PSG.edf,SC,EOG horizontal,0.0,0.0,36.91090847467127
SC4172E0-PSG.edf,SC,EEG Fpz-Cz,0.0,0.0,22.357146992427904
SC4172E0-PSG.edf,SC,EEG Pz-Oz,0.0,0.0,11.621572425180581
SC4172E0-PSG.edf,SC,EOG horizontal,0.0,0.0,24.92963314832722
SC4181E0-PSG.edf,SC,EEG Fpz-Cz,0.0,0.0,23.84271012550638
SC4181E0-PSG.edf,SC,EEG Pz-Oz,0.0,0.0,9.40124122294197
SC4181E0-PSG.edf,SC,EOG horizontal,0.0,0.0,61.88410662249204
SC4182E0-PSG.edf,SC,EEG Fpz-Cz,0.0,0.0,23.286936729180486
SC4182E0-PSG.edf,SC,EEG Pz-Oz,0.0,0.0,10.669176523539154
SC4182E0-PSG.edf,SC,EOG horizontal,0.0,0.0,65.30505813248426
SC4191E0-PSG.edf,SC,EEG Fpz-Cz,0.0,0.0,18.51033222220771
SC4191E0-PSG.edf,SC,EEG Pz-Oz,0.0,0.0,8.518067299625343
SC4191E0-PSG.edf,SC,EOG horizontal,0.0,0.0,31.062877145458835
SC4192E0-PSG.edf,SC,EEG Fpz-Cz,0.0,0.0,20.169824452031904
SC4192E0-PSG.edf,SC,EEG Pz-Oz,0.0,0.0,7.45609695213421
SC4192E0-PSG.edf,SC,EOG horizontal,0.0,0.0,22.88704419612902
SC4201E0-PSG.edf,SC,EEG Fpz-Cz,0.0,0.0,24.659226337145675
SC4201E0-PSG.edf,SC,EEG Pz-Oz,0.0,0.0,12.107943169473335
SC4201E0-PSG.edf,SC,EOG horizontal,0.0,0.0,77.92910229771618
SC4202E0-PSG.edf,SC,EEG Fpz-Cz,0.0,0.0,23.735530315270495
SC4202E0-PSG.edf,SC,EEG Pz-Oz,0.0,0.0,11.967838821486746
SC4202E0-PSG.edf,SC,EOG horizontal,0.0,0.0,89.9924246668304
SC4211E0-PSG.edf,SC,EEG Fpz-Cz,0.0,0.0,27.550389155084588
SC4211E0-PSG.edf,SC,EEG Pz-Oz,0.0,0.0,8.906648479065296
SC4211E0-PSG.edf,SC,EOG horizontal,0.0,0.0,62.38847374780656
SC4212E0-PSG.edf,SC,EEG Fpz-Cz,0.0,0.0,21.826776132264516
SC4212E0-PSG.edf,SC,EEG Pz-Oz,0.0,0.0,6.096279234508095
SC4212E0-PSG.edf,SC,EOG horizontal,0.0,0.0,71.23203659091764
SC4221E0-PSG.edf,SC,EEG Fpz-Cz,0.0,0.0,28.650459017204348
SC4221E0-PSG.edf,SC,EEG Pz-Oz,0.0,0.0,2.7115282984884086
SC4221E0-PSG.edf,SC,EOG horizontal,0.0,0.0,68.67189750815405
SC4222E0-PSG.edf,SC,EEG Fpz-Cz,0.0,0.0,35.17451406633721
SC4222E0-PSG.edf,SC,EEG Pz-Oz,0.0,0.0,9.70624696666647
SC4222E0-PSG.edf,SC,EOG horizontal,0.0,0.0,75.19391016477452
SC4231E0-PSG.edf,SC,EEG Fpz-Cz,0.0,0.0,25.288206262188176
SC4231E0-PSG.edf,SC,EEG Pz-Oz,0.0,0.0,10.163891670491473
SC4231E0-PSG.edf,SC,EOG horizontal,0.0,0.0,110.7334942550768
SC4232E0-PSG.edf,SC,EEG Fpz-Cz,0.0,0.0,28.508041865882124
SC4232E0-PSG.edf,SC,EEG Pz-Oz,0.0,0.0,8.347164759582672
SC4232E0-PSG.edf,SC,EOG horizontal,0.0,0.0,116.05662012025039
SC4241E0-PSG.edf,SC,EEG Fpz-Cz,0.0,0.0,29.72780053493013
SC4241E0-PSG.edf,SC,EEG Pz-Oz,0.0,0.0,11.115504491298173
SC4241E0-PSG.edf,SC,EOG horizontal,0.0,0.0,89.16514530616132
SC4242E0-PSG.edf,SC,EEG Fpz-Cz,0.0,0.0,26.59318427226733
SC4242E0-PSG.edf,SC,EEG Pz-Oz,0.0,0.0,12.269890811790045
SC4242E0-PSG.edf,SC,EOG horizontal,9.16819469911652e-05,0.0,82.12162024298544
SC4251E0-PSG.edf,SC,EEG Fpz-Cz,0.0,0.0,25.828080853646448
SC4251E0-PSG.edf,SC,EEG Pz-Oz,0.0,0.0,11.360509444323807
SC4251E0-PSG.edf,SC,EOG horizontal,0.0,0.0,89.86098627710109
SC4252E0-PSG.edf,SC,EEG Fpz-Cz,0.0,0.0,18.193004010287247
SC4252E0-PSG.edf,SC,EEG Pz-Oz,0.0,0.0,7.534877875363517
SC4252E0-PSG.edf,SC,EOG horizontal,0.0,0.0,63.87292179768829
SC4261F0-PSG.edf,SC,EEG Fpz-Cz,0.0,0.0,23.956875119205154
SC4261F0-PSG.edf,SC,EEG Pz-Oz,0.0,0.0,9.474344465692702
SC4261F0-PSG.edf,SC,EOG horizontal,0.0,0.0,50.83579455835691
SC4262F0-PSG.edf,SC,EEG Fpz-Cz,0.0,0.0,26.76459671831835
SC4262F0-PSG.edf,SC,EEG Pz-Oz,0.0,0.0,7.550773879799015
SC4262F0-PSG.edf,SC,EOG horizontal,0.0,0.0,42.02356138027186
SC4271F0-PSG.edf,SC,EEG Fpz-Cz,0.0,0.0,26.779809530228974
SC4271F0-PSG.edf,SC,EEG Pz-Oz,0.0,0.0,11.75289179862747
SC4271F0-PSG.edf,SC,EOG horizontal,0.0,0.0,59.574123229941016
SC4272F0-PSG.edf,SC,EEG Fpz-Cz,0.0,0.0,25.02103573148688
SC4272F0-PSG.edf,SC,EEG Pz-Oz,0.0,0.0,12.200355350998507
SC4272F0-PSG.edf,SC,EOG horizontal,0.0,0.0,62.180123252260884
SC4281G0-PSG.edf,SC,EEG Fpz-Cz,0.0,0.0,28.591454355231093
SC4281G0-PSG.edf,SC,EEG Pz-Oz,0.0,0.0,10.798199635267459
SC4281G0-PSG.edf,SC,EOG horizontal,0.0,0.0,60.111401506837964
SC4282G0-PSG.edf,SC,EEG Fpz-Cz,0.0,0.0,23.147429315263395
SC4282G0-PSG.edf,SC,EEG Pz-Oz,0.0,0.0,16.60283406159668
SC4282G0-PSG.edf,SC,EOG horizontal,0.0,0.0,59.432429540440765
SC4291G0-PSG.edf,SC,EEG Fpz-Cz,0.0,0.0,29.938403194367666
SC4291G0-PSG.edf,SC,EEG Pz-Oz,0.0,0.0,10.86266650252053
SC4291G0-PSG.edf,SC,EOG horizontal,0.0,0.0,88.89861841733116
SC4292G0-PSG.edf,SC,EEG Fpz-Cz,0.0,0.0,30.002716393598334
SC4292G0-PSG.edf,SC,EEG Pz-Oz,0.0,0.0,13.549054894928462
SC4292G0-PSG.edf,SC,EOG horizontal,0.0,0.0,91.63822972493745
SC4301E0-PSG.edf,SC,EEG Fpz-Cz,0.0,0.0,24.577289998125636
SC4301E0-PSG.edf,SC,EEG Pz-Oz,0.0,0.0,9.216202760466391
SC4301E0-PSG.edf,SC,EOG horizontal,0.0,0.0,91.57984237609432
SC4302E0-PSG.edf,SC,EEG Fpz-Cz,0.0,0.0,24.880881134183866
SC4302E0-PSG.edf,SC,EEG Pz-Oz,0.0,0.0,8.774641774668373
SC4302E0-PSG.edf,SC,EOG horizontal,0.0,0.0,93.75069122056964
SC4311E0-PSG.edf,SC,EEG Fpz-Cz,0.0,0.0,23.577454851096917
SC4311E0-PSG.edf,SC,EEG Pz-Oz,0.0,0.0,8.886796892891013
SC4311E0-PSG.edf,SC,EOG horizontal,0.0,0.0,54.98726570175995
SC4312E0-PSG.edf,SC,EEG Fpz-Cz,0.0,0.0,18.81034356719107
SC4312E0-PSG.edf,SC,EEG Pz-Oz,0.0,0.0,7.057351378014252
SC4312E0-PSG.edf,SC,EOG horizontal,0.0,0.0,35.5014653391367
SC4321E0-PSG.edf,SC,EEG Fpz-Cz,0.0,0.0,15.250589745959406
SC4321E0-PSG.edf,SC,EEG Pz-Oz,0.0,0.0,4.7327118942876325
SC4321E0-PSG.edf,SC,EOG horizontal,0.0,0.0,46.82344313266622
SC4322E0-PSG.edf,SC,EEG Fpz-Cz,0.0,0.0,11.98835226909646
SC4322E0-PSG.edf,SC,EEG Pz-Oz,0.0,0.0,6.458718530093805
SC4322E0-PSG.edf,SC,EOG horizontal,0.0,0.0,45.72320833315665
SC4331F0-PSG.edf,SC,EEG Fpz-Cz,0.0,0.0,20.668417513649146
SC4331F0-PSG.edf,SC,EEG Pz-Oz,0.0,0.0,8.065649487835858
SC4331F0-PSG.edf,SC,EOG horizontal,0.0,0.0,66.23332025985587
SC4332F0-PSG.edf,SC,EEG Fpz-Cz,0.0,0.0,28.87133866451066
SC4332F0-PSG.edf,SC,EEG Pz-Oz,0.0,0.0,8.4604322559573
SC4332F0-PSG.edf,SC,EOG horizontal,8.33472245374229e-06,0.0,78.57385530120331
SC4341F0-PSG.edf,SC,EEG Fpz-Cz,0.0,0.0,10.5798205265511
SC4341F0-PSG.edf,SC,EEG Pz-Oz,0.0,0.0,6.2313901106716765
SC4341F0-PSG.edf,SC,EOG horizontal,0.0,0.0,63.03241634046253
SC4342F0-PSG.edf,SC,EEG Fpz-Cz,0.0,0.0,20.293594805612933
SC4342F0-PSG.edf,SC,EEG Pz-Oz,0.0,0.0,6.621480157197288
SC4342F0-PSG.edf,SC,EOG horizontal,0.0,0.0,109.93500000189084
SC4351F0-PSG.edf,SC,EEG Fpz-Cz,0.0,0.0,13.066353718887585
SC4351F0-PSG.edf,SC,EEG Pz-Oz,0.0,0.0,3.9705207950384307
SC4351F0-PSG.edf,SC,EOG horizontal,0.0,0.0,21.0432904094478
SC4352F0-PSG.edf,SC,EEG Fpz-Cz,0.0,0.0,17.616074769615977
SC4352F0-PSG.edf,SC,EEG Pz-Oz,0.0,0.0,6.732071405107403
SC4352F0-PSG.edf,SC,EOG horizontal,0.0,0.0,26.690827593046798
SC4362F0-PSG.edf,SC,EEG Fpz-Cz,0.0,0.0,19.90990323271421
SC4362F0-PSG.edf,SC,EEG Pz-Oz,0.0,0.0,12.679021869326617
SC4362F0-PSG.edf,SC,EOG horizontal,0.0,0.0,6.951995754104971
SC4371F0-PSG.edf,SC,EEG Fpz-Cz,0.0,0.0,22.786041911602013
SC4371F0-PSG.edf,SC,EEG Pz-Oz,0.0,0.0,11.133212726012589
SC4371F0-PSG.edf,SC,EOG horizontal,0.0,0.0,30.851422425548776
SC4372F0-PSG.edf,SC,EEG Fpz-Cz,0.0,0.0,27.29779621011108
SC4372F0-PSG.edf,SC,EEG Pz-Oz,0.0,0.0,10.88886316117297
SC4372F0-PSG.edf,SC,EOG horizontal,0.0,0.0,42.09585712696472
SC4381F0-PSG.edf,SC,EEG Fpz-Cz,0.0,0.0,11.800607986179894
SC4381F0-PSG.edf,SC,EEG Pz-Oz,0.0,0.0,5.249264436063779
SC4381F0-PSG.edf,SC,EOG horizontal,0.0,0.0,35.31269984270529
SC4382F0-PSG.edf,SC,EEG Fpz-Cz,0.0,0.0,18.279658808409465
SC4382F0-PSG.edf,SC,EEG Pz-Oz,0.0,0.0,7.762739214594058
SC4382F0-PSG.edf,SC,EOG horizontal,0.0,0.0,44.57934594756169
SC4401E0-PSG.edf,SC,EEG Fpz-Cz,0.0,0.0,26.251556543402767
SC4401E0-PSG.edf,SC,EEG Pz-Oz,0.0,0.0,7.230251423648902
SC4401E0-PSG.edf,SC,EOG horizontal,0.0,0.0,34.09034166912514
SC4402E0-PSG.edf,SC,EEG Fpz-Cz,0.0,0.0,21.019980160432198
SC4402E0-PSG.edf,SC,EEG Pz-Oz,0.0,0.0,8.604389921089666
SC4402E0-PSG.edf,SC,EOG horizontal,0.0,0.0,43.86988409382631
SC4411E0-PSG.edf,SC,EEG Fpz-Cz,0.0,0.0,23.537816315008758
SC4411E0-PSG.edf,SC,EEG Pz-Oz,0.0,0.0,11.365904088092655
SC4411E0-PSG.edf,SC,EOG horizontal,0.0,0.0,41.00342093540388
SC4412E0-PSG.edf,SC,EEG Fpz-Cz,0.0,0.0,40.21702324130081
SC4412E0-PSG.edf,SC,EEG Pz-Oz,0.0,0.0,11.698746915838083
SC4412E0-PSG.edf,SC,EOG horizontal,0.0,0.0,99.69939941043114
SC4421E0-PSG.edf,SC,EEG Fpz-Cz,0.0,0.0,32.1574485737856
SC4421E0-PSG.edf,SC,EEG Pz-Oz,0.0,0.0,15.6441644724178
SC4421E0-PSG.edf,SC,EOG horizontal,0.0,0.0,92.74316393877686
SC4422E0-PSG.edf,SC,EEG Fpz-Cz,0.0,0.0,32.68976924925853
SC4422E0-PSG.edf,SC,EEG Pz-Oz,0.0,0.0,12.068324205418588
SC4422E0-PSG.edf,SC,EOG horizontal,0.0,0.0,96.4803830188435
SC4431E0-PSG.edf,SC,EEG Fpz-Cz,0.0,0.0,28.976832306626783
SC4431E0-PSG.edf,SC,EEG Pz-Oz,0.0,0.0,9.148969433828022
SC4431E0-PSG.edf,SC,EOG horizontal,0.0,0.0,70.83080633976869
SC4432E0-PSG.edf,SC,EEG Fpz-Cz,0.0,0.0,29.518638563639755
SC4432E0-PSG.edf,SC,EEG Pz-Oz,0.0,0.0,12.350192037244424
SC4432E0-PSG.edf,SC,EOG horizontal,0.0,0.0,115.72462935436755
SC4441E0-PSG.edf,SC,EEG Fpz-Cz,0.0,0.0,29.900866236411616
SC4441E0-PSG.edf,SC,EEG Pz-Oz,0.0,0.0,8.075160714110154
SC4441E0-PSG.edf,SC,EOG horizontal,0.0,0.0,50.665507514774646
SC4442E0-PSG.edf,SC,EEG Fpz-Cz,0.0,0.0,36.818353155425925
SC4442E0-PSG.edf,SC,EEG Pz-Oz,0.0,0.0,8.570243344680488
SC4442E0-PSG.edf,SC,EOG horizontal,0.0,0.0,74.25913581747326
SC4451F0-PSG.edf,SC,EEG Fpz-Cz,0.0,0.0,21.973436024973196
SC4451F0-PSG.edf,SC,EEG Pz-Oz,0.0,0.0,11.535833011633413
SC4451F0-PSG.edf,SC,EOG horizontal,0.0,0.0,45.468783431715416
SC4452F0-PSG.edf,SC,EEG Fpz-Cz,0.0,0.0,23.144520237500053
SC4452F0-PSG.edf,SC,EEG Pz-Oz,0.0,0.0,9.202921788393395
SC4452F0-PSG.edf,SC,EOG horizontal,0.0,0.0,47.30345620232188
SC4461F0-PSG.edf,SC,EEG Fpz-Cz,0.0,0.0,17.265129615636553
SC4461F0-PSG.edf,SC,EEG Pz-Oz,0.0,0.0,8.456550054413032
SC4461F0-PSG.edf,SC,EOG horizontal,0.0,0.0,29.96853894748771
SC4462F0-PSG.edf,SC,EEG Fpz-Cz,0.0,0.0,21.409656343615808
SC4462F0-PSG.edf,SC,EEG Pz-Oz,0.0,0.0,9.730057223580523
SC4462F0-PSG.edf,SC,EOG horizontal,0.0,0.0,36.34691217776211
SC4471F0-PSG.edf,SC,EEG Fpz-Cz,0.0,0.0,21.45941661017823
SC4471F0-PSG.edf,SC,EEG Pz-Oz,0.0,0.0,7.920270852472834
SC4471F0-PSG.edf,SC,EOG horizontal,0.0,0.0,42.67180018007345
SC4472F0-PSG.edf,SC,EEG Fpz-Cz,0.0,0.0,23.72141292102127
SC4472F0-PSG.edf,SC,EEG Pz-Oz,0.0,0.0,8.09301016281734
SC4472F0-PSG.edf,SC,EOG horizontal,0.0,0.0,42.77303280035128
SC4481F0-PSG.edf,SC,EEG Fpz-Cz,0.0,0.0,29.687343666708465
SC4481F0-PSG.edf,SC,EEG Pz-Oz,0.0,0.0,11.305447140551038
SC4481F0-PSG.edf,SC,EOG horizontal,0.0,0.0,73.96667638986185
SC4482F0-PSG.edf,SC,EEG Fpz-Cz,0.0,0.0,30.00941620967509
SC4482F0-PSG.edf,SC,EEG Pz-Oz,0.0,0.0,17.693704505294203
SC4482F0-PSG.edf,SC,EOG horizontal,0.0,0.0,102.35545034779268
SC4491G0-PSG.edf,SC,EEG Fpz-Cz,0.0,0.0,24.076940432955645
SC4491G0-PSG.edf,SC,EEG Pz-Oz,0.0,0.0,11.68497522173839
SC4491G0-PSG.edf,SC,EOG horizontal,0.0036172695449241538,0.0,101.11744632698982
SC4492G0-PSG.edf,SC,EEG Fpz-Cz,0.0,0.0,17.695215334507044
SC4492G0-PSG.edf,SC,EEG Pz-Oz,0.0,0.0,10.584425134944102
SC4492G0-PSG.edf,SC,EOG horizontal,0.0,0.0,62.11028307426551
SC4501E0-PSG.edf,SC,EEG Fpz-Cz,0.0,0.0,19.20848184999496
SC4501E0-PSG.edf,SC,EEG Pz-Oz,0.0,0.0,15.555993572068719
SC4501E0-PSG.edf,SC,EOG horizontal,0.0,0.0,50.731594963513146
SC4502E0-PSG.edf,SC,EEG Fpz-Cz,0.0,0.0,21.50703640312686
SC4502E0-PSG.edf,SC,EEG Pz-Oz,0.0,0.0,8.849536928922987
SC4502E0-PSG.edf,SC,EOG horizontal,0.0,0.0,30.500633153074986
SC4511E0-PSG.edf,SC,EEG Fpz-Cz,0.0,0.0,23.006799219367046
SC4511E0-PSG.edf,SC,EEG Pz-Oz,0.0,0.0,6.21287202304959
SC4511E0-PSG.edf,SC,EOG horizontal,0.0,0.0,59.81008232775617
SC4512E0-PSG.edf,SC,EEG Fpz-Cz,0.0,0.0,22.468849784295813
SC4512E0-PSG.edf,SC,EEG Pz-Oz,0.0,0.0,5.813401467335016
SC4512E0-PSG.edf,SC,EOG horizontal,0.0,0.0,49.34880073033969
SC4522E0-PSG.edf,SC,EEG Fpz-Cz,0.0,0.0,26.763566841200063
SC4522E0-PSG.edf,SC,EEG Pz-Oz,0.0,0.0,5.904332955451357
SC4522E0-PSG.edf,SC,EOG horizontal,0.0,0.0,67.30795828356574
SC4531E0-PSG.edf,SC,EEG Fpz-Cz,0.0,0.0,23.930141124869618
SC4531E0-PSG.edf,SC,EEG Pz-Oz,0.0,0.0,8.597549653006222
SC4531E0-PSG.edf,SC,EOG horizontal,0.0,0.0,51.97973657008927
SC4532E0-PSG.edf,SC,EEG Fpz-Cz,0.0,0.0,26.12210238084801
SC4532E0-PSG.edf,SC,EEG Pz-Oz,0.0,0.0,7.140965387756511
SC4532E0-PSG.edf,SC,EOG horizontal,0.0,0.0,64.31050595646848
SC4541F0-PSG.edf,SC,EEG Fpz-Cz,0.0,0.0,16.54142626239588
SC4541F0-PSG.edf,SC,EEG Pz-Oz,0.0,0.0,4.997930121236003
SC4541F0-PSG.edf,SC,EOG horizontal,0.0,0.0,32.00627825608958
SC4542F0-PSG.edf,SC,EEG Fpz-Cz,0.0,0.0,31.431984146956836
SC4542F0-PSG.edf,SC,EEG Pz-Oz,0.0,0.0,7.822372145749027
SC4542F0-PSG.edf,SC,EOG horizontal,8.33472245374229e-06,0.0,46.77383807750379
SC4551F0-PSG.edf,SC,EEG Fpz-Cz,0.0,0.0,16.9139356935216
SC4551F0-PSG.edf,SC,EEG Pz-Oz,0.0,0.0,7.183127849456254
SC4551F0-PSG.edf,SC,EOG horizontal,0.0,0.0,53.43375040998819
SC4552F0-PSG.edf,SC,EEG Fpz-Cz,0.0,0.0,15.541952758982173
SC4552F0-PSG.edf,SC,EEG Pz-Oz,0.0,0.0,8.819596190900759
SC4552F0-PSG.edf,SC,EOG horizontal,0.0,0.0,63.80699443345728
SC4561F0-PSG.edf,SC,EEG Fpz-Cz,0.0,0.0,19.86484255708978
SC4561F0-PSG.edf,SC,EEG Pz-Oz,0.0,0.0,7.293243224479138
SC4561F0-PSG.edf,SC,EOG horizontal,0.0,0.0,60.02795189937217
SC4562F0-PSG.edf,SC,EEG Fpz-Cz,0.0,0.0,12.467181643417746
SC4562F0-PSG.edf,SC,EEG Pz-Oz,0.0,0.0,6.59094434389986
SC4562F0-PSG.edf,SC,EOG horizontal,0.0,0.0,32.69027453111986
SC4571F0-PSG.edf,SC,EEG Fpz-Cz,0.0,0.0,23.20647263253525
SC4571F0-PSG.edf,SC,EEG Pz-Oz,0.0,0.0,10.908363408959836
SC4571F0-PSG.edf,SC,EOG horizontal,0.0,0.0,45.89254076419269
SC4572F0-PSG.edf,SC,EEG Fpz-Cz,0.0,0.0,22.08474594534905
SC4572F0-PSG.edf,SC,EEG Pz-Oz,0.0,0.0,3.8711102012588596
SC4572F0-PSG.edf,SC,EOG horizontal,0.0,0.0,50.247435738077385
SC4581G0-PSG.edf,SC,EEG Fpz-Cz,0.0,0.0,24.665237899499004
SC4581G0-PSG.edf,SC,EEG Pz-Oz,0.0,0.0,9.049502221585259
SC4581G0-PSG.edf,SC,EOG horizontal,0.0,0.0,47.322790428694105
SC4582G0-PSG.edf,SC,EEG Fpz-Cz,0.0,0.0,42.65519451337627
SC4582G0-PSG.edf,SC,EEG Pz-Oz,0.0,0.0,7.422339913108285
SC4582G0-PSG.edf,SC,EOG horizontal,8.33472245374229e-06,0.0,54.82887739308809
SC4591G0-PSG.edf,SC,EEG Fpz-Cz,0.0,0.0,21.343872306123167
SC4591G0-PSG.edf,SC,EEG Pz-Oz,0.0,0.0,10.967583517903744
SC4591G0-PSG.edf,SC,EOG horizontal,0.0,0.0,23.392062727627795
SC4592G0-PSG.edf,SC,EEG Fpz-Cz,0.0,0.0,19.266386171404278
SC4592G0-PSG.edf,SC,EEG Pz-Oz,0.0,0.0,6.942596418919128
SC4592G0-PSG.edf,SC,EOG horizontal,0.0,0.0,27.781529336125885
SC4601E0-PSG.edf,SC,EEG Fpz-Cz,0.0,0.0,20.720983095689
SC4601E0-PSG.edf,SC,EEG Pz-Oz,0.0,0.0,9.550851039590007
SC4601E0-PSG.edf,SC,EOG horizontal,0.0,0.0,41.14559700522821
SC4602E0-PSG.edf,SC,EEG Fpz-Cz,0.0,0.0,14.847958858129196
SC4602E0-PSG.edf,SC,EEG Pz-Oz,0.0,0.0,12.962744996581229
SC4602E0-PSG.edf,SC,EOG horizontal,0.0,0.0,42.102735723368696
SC4611E0-PSG.edf,SC,EEG Fpz-Cz,0.0,0.0,24.058904321193534
SC4611E0-PSG.edf,SC,EEG Pz-Oz,0.0,0.0,7.288622116306211
SC4611E0-PSG.edf,SC,EOG horizontal,0.0,0.0,39.16886229187921
SC4612E0-PSG.edf,SC,EEG Fpz-Cz,0.0,0.0,18.41498927865554
SC4612E0-PSG.edf,SC,EEG Pz-Oz,0.0,0.0,7.6506666236925795
SC4612E0-PSG.edf,SC,EOG horizontal,0.0,0.0,46.077902974085006
SC4621E0-PSG.edf,SC,EEG Fpz-Cz,0.0,0.0,15.07378401694232
SC4621E0-PSG.edf,SC,EEG Pz-Oz,0.0,0.0,8.90202196320935
SC4621E0-PSG.edf,SC,EOG horizontal,0.0,0.0,44.148313439973975
SC4622E0-PSG.edf,SC,EEG Fpz-Cz,0.0,0.0,15.320744566176547
SC4622E0-PSG.edf,SC,EEG Pz-Oz,0.0,0.0,6.618592192160367
SC4622E0-PSG.edf,SC,EOG horizontal,0.0,0.0,37.431694400149325
SC4631E0-PSG.edf,SC,EEG Fpz-Cz,0.0,0.0,25.671386585494083
SC4631E0-PSG.edf,SC,EEG Pz-Oz,0.0,0.0,8.655647291928567
SC4631E0-PSG.edf,SC,EOG horizontal,0.0,0.0,45.227142590985515
SC4632E0-PSG.edf,SC,EEG Fpz-Cz,0.0,0.0,18.212845784528408
SC4632E0-PSG.edf,SC,EEG Pz-Oz,0.0,0.0,6.262769526256592
SC4632E0-PSG.edf,SC,EOG horizontal,0.0,0.0,23.5545949202618
SC4641E0-PSG.edf,SC,EEG Fpz-Cz,0.0,0.0,16.722364786013046
SC4641E0-PSG.edf,SC,EEG Pz-Oz,0.0,0.0,6.975215985764681
SC4641E0-PSG.edf,SC,EOG horizontal,0.0,0.0,36.11496543549229
SC4642E0-PSG.edf,SC,EEG Fpz-Cz,0.0,0.0,20.223559478271028
SC4642E0-PSG.edf,SC,EEG Pz-Oz,0.0,0.0,7.973313415578852
SC4642E0-PSG.edf,SC,EOG horizontal,0.0,0.0,63.86431579889364
SC4651E0-PSG.edf,SC,EEG Fpz-Cz,0.0,0.0,14.80422198444391
SC4651E0-PSG.edf,SC,EEG Pz-Oz,0.0,0.0,11.24091501330478
SC4651E0-PSG.edf,SC,EOG horizontal,0.0,0.0,21.41761672779679
SC4652E0-PSG.edf,SC,EEG Fpz-Cz,0.0,0.0,20.427272630540763
SC4652E0-PSG.edf,SC,EEG Pz-Oz,0.0,0.0,9.23249270403555
SC4652E0-PSG.edf,SC,EOG horizontal,0.0,0.0,39.937774437816444
SC4661E0-PSG.edf,SC,EEG Fpz-Cz,0.0,0.0,23.779320547759877
SC4661E0-PSG.edf,SC,EEG Pz-Oz,0.0,0.0,8.753128519997379
SC4661E0-PSG.edf,SC,EOG horizontal,0.0,0.0,52.52030089247684
SC4662E0-PSG.edf,SC,EEG Fpz-Cz,0.0,0.0,17.6951918677182
SC4662E0-PSG.edf,SC,EEG Pz-Oz,0.0,0.0,14.071524953632615
SC4662E0-PSG.edf,SC,EOG horizontal,0.0,0.0,55.781665242276866
SC4671G0-PSG.edf,SC,EEG Fpz-Cz,0.0,0.0,16.431717967104206
SC4671G0-PSG.edf,SC,EEG Pz-Oz,0.0,0.0,8.933249035692722
SC4671G0-PSG.edf,SC,EOG horizontal,0.0,0.0,28.679178003476935
SC4672G0-PSG.edf,SC,EEG Fpz-Cz,0.0,0.0,19.494321379695812
SC4672G0-PSG.edf,SC,EEG Pz-Oz,0.0,0.0,12.539614064097847
SC4672G0-PSG.edf,SC,EOG horizontal,0.0,0.0,50.50711585307127
SC4701E0-PSG.edf,SC,EEG Fpz-Cz,0.0,0.0,12.0315152232922
SC4701E0-PSG.edf,SC,EEG Pz-Oz,0.0,0.0,6.4472027128132074
SC4701E0-PSG.edf,SC,EOG horizontal,0.0,0.0,19.150856391133583
SC4702E0-PSG.edf,SC,EEG Fpz-Cz,0.0,0.0,13.62711677530621
SC4702E0-PSG.edf,SC,EEG Pz-Oz,0.0,0.0,9.208330300481117
SC4702E0-PSG.edf,SC,EOG horizontal,0.0,0.0,30.47200591211061
SC4711E0-PSG.edf,SC,EEG Fpz-Cz,0.0,0.0,21.51419637994487
SC4711E0-PSG.edf,SC,EEG Pz-Oz,0.0,0.0,9.454369940303103
SC4711E0-PSG.edf,SC,EOG horizontal,0.0,0.0,51.627311410554796
SC4712E0-PSG.edf,SC,EEG Fpz-Cz,0.0,0.0,17.650825240843375
SC4712E0-PSG.edf,SC,EEG Pz-Oz,0.0,0.0,8.920634890244468
SC4712E0-PSG.edf,SC,EOG horizontal,0.0,0.0,56.472573010192946
SC4721E0-PSG.edf,SC,EEG Fpz-Cz,0.0,0.0,20.994982623805186
SC4721E0-PSG.edf,SC,EEG Pz-Oz,0.0,0.0,5.2227655217130895
SC4721E0-PSG.edf,SC,EOG horizontal,0.0,0.0,71.30425002474934
SC4722E0-PSG.edf,SC,EEG Fpz-Cz,0.0,0.0,14.184361028048228
SC4722E0-PSG.edf,SC,EEG Pz-Oz,0.0,0.0,5.74524563285812
SC4722E0-PSG.edf,SC,EOG horizontal,0.0,0.0,44.62023017767915
SC4731E0-PSG.edf,SC,EEG Fpz-Cz,0.0,0.0,18.196929962082397
SC4731E0-PSG.edf,SC,EEG Pz-Oz,0.0,0.0,4.726297478243039
SC4731E0-PSG.edf,SC,EOG horizontal,0.0,0.0,48.59138426113968
SC4732E0-PSG.edf,SC,EEG Fpz-Cz,0.0,0.0,14.067706040012512
SC4732E0-PSG.edf,SC,EEG Pz-Oz,0.0,0.0,4.417703883191093
SC4732E0-PSG.edf,SC,EOG horizontal,0.0,0.0,45.30284956591136
SC4741E0-PSG.edf,SC,EEG Fpz-Cz,0.0,0.0,11.831376205213747
SC4741E0-PSG.edf,SC,EEG Pz-Oz,0.0,0.0,7.969723187344681
SC4741E0-PSG.edf,SC,EOG horizontal,0.0,0.0,49.92211225842476
SC4742E0-PSG.edf,SC,EEG Fpz-Cz,0.0,0.0,15.873005853704942
SC4742E0-PSG.edf,SC,EEG Pz-Oz,0.0,0.0,4.5688672547430755
SC4742E0-PSG.edf,SC,EOG horizontal,0.0,0.0,39.8392232377643
SC4751E0-PSG.edf,SC,EEG Fpz-Cz,0.0,0.0,17.183931080631265
SC4751E0-PSG.edf,SC,EEG Pz-Oz,0.0,0.0,7.524837731226115
SC4751E0-PSG.edf,SC,EOG horizontal,0.0,0.0,35.543454866834765
SC4752E0-PSG.edf,SC,EEG Fpz-Cz,0.0,0.0,19.835975694822118
SC4752E0-PSG.edf,SC,EEG Pz-Oz,0.0,0.0,6.640976953388623
SC4752E0-PSG.edf,SC,EOG horizontal,0.0,0.0,54.73167644492584
SC4761E0-PSG.edf,SC,EEG Fpz-Cz,0.0,0.0,34.68395580801767
SC4761E0-PSG.edf,SC,EEG Pz-Oz,0.0,0.0,13.98314830386543
SC4761E0-PSG.edf,SC,EOG horizontal,0.0,0.0,58.806933439597394
SC4762E0-PSG.edf,SC,EEG Fpz-Cz,0.0,0.0,35.57754862362047
SC4762E0-PSG.edf,SC,EEG Pz-Oz,0.0,0.0,9.806603497587833
SC4762E0-PSG.edf,SC,EOG horizontal,0.0,0.0,59.402445204565964
SC4771G0-PSG.edf,SC,EEG Fpz-Cz,0.0,0.0,20.75742860855439
SC4771G0-PSG.edf,SC,EEG Pz-Oz,0.0,0.0,7.791462573241759
SC4771G0-PSG.edf,SC,EOG horizontal,0.0,0.0,44.598677561564244
SC4772G0-PSG.edf,SC,EEG Fpz-Cz,0.0,0.0,27.359293655965907
SC4772G0-PSG.edf,SC,EEG Pz-Oz,0.0,0.0,7.7581130557470175
SC4772G0-PSG.edf,SC,EOG horizontal,0.0,0.0,48.10956775999507
SC4801G0-PSG.edf,SC,EEG Fpz-Cz,0.0,0.0,13.00571908677925
SC4801G0-PSG.edf,SC,EEG Pz-Oz,0.0,0.0,6.79296066798079
SC4801G0-PSG.edf,SC,EOG horizontal,0.0,0.0,41.35933635438752
SC4802G0-PSG.edf,SC,EEG Fpz-Cz,0.0,0.0,16.04820929479862
SC4802G0-PSG.edf,SC,EEG Pz-Oz,0.0,0.0,11.48595298153166
SC4802G0-PSG.edf,SC,EOG horizontal,0.0,0.0,44.99372347577974
SC4811G0-PSG.edf,SC,EEG Fpz-Cz,0.0,0.0,20.239367060509203
SC4811G0-PSG.edf,SC,EEG Pz-Oz,0.0,0.0,11.358669993474088
SC4811G0-PSG.edf,SC,EOG horizontal,0.0,0.0,38.82337298374806
SC4812G0-PSG.edf,SC,EEG Fpz-Cz,0.0,0.0,28.018397458144683
SC4812G0-PSG.edf,SC,EEG Pz-Oz,0.0,0.0,10.236494232370433
SC4812G0-PSG.edf,SC,EOG horizontal,0.0,0.0,75.91363445481684
SC4821G0-PSG.edf,SC,EEG Fpz-Cz,0.0,0.0,29.224558428141307
SC4821G0-PSG.edf,SC,EEG Pz-Oz,0.0,0.0,13.330022150770056
SC4821G0-PSG.edf,SC,EOG horizontal,0.0,0.0,86.83282505357676
SC4822G0-PSG.edf,SC,EEG Fpz-Cz,0.0,0.0,31.735279095859887
SC4822G0-PSG.edf,SC,EEG Pz-Oz,0.0,0.0,12.27618263204332
SC4822G0-PSG.edf,SC,EOG horizontal,0.0,0.0,63.60757607634487
ST7011J0-PSG.edf,ST,EEG Fpz-Cz,1.666944490748458e-05,0.11583333333333333,32.489801417131446
ST7011J0-PSG.edf,ST,EEG Pz-Oz,2.5004167361226873e-05,0.11583333333333333,12.215541144731851
ST7011J0-PSG.edf,ST,EOG horizontal,3.333888981496916e-05,0.11583333333333333,38.84436199799235
ST7011J0-PSG.edf,ST,EMG submental,1.666944490748458e-05,0.11583333333333333,3.379609940206089
ST7012J0-PSG.edf,ST,EEG Fpz-Cz,5.834305717619603e-05,0.058333333333333334,23.4445493980441
ST7012J0-PSG.edf,ST,EEG Pz-Oz,5.834305717619603e-05,0.058333333333333334,9.204368086874513
ST7012J0-PSG.edf,ST,EOG horizontal,6.667777962993832e-05,0.058333333333333334,29.62352328331363
ST7012J0-PSG.edf,ST,EMG submental,4.167361226871145e-05,0.058333333333333334,2.627692165838668
ST7021J0-PSG.edf,ST,EEG Fpz-Cz,1.666944490748458e-05,0.1,25.277467561251637
ST7021J0-PSG.edf,ST,EEG Pz-Oz,0.0,0.1,15.788653728624872
ST7021J0-PSG.edf,ST,EOG horizontal,2.5004167361226873e-05,0.10083333333333333,19.587291772443603
ST7021J0-PSG.edf,ST,EMG submental,1.666944490748458e-05,0.1,3.326493639373532
ST7022J0-PSG.edf,ST,EEG Fpz-Cz,4.167361226871145e-05,0.1075,34.46390150965679
ST7022J0-PSG.edf,ST,EEG Pz-Oz,1.666944490748458e-05,0.1075,21.659118417660082
ST7022J0-PSG.edf,ST,EOG horizontal,4.167361226871145e-05,0.1075,53.381939934181474
ST7022J0-PSG.edf,ST,EMG submental,3.333888981496916e-05,0.1075,19.399224225953468
ST7041J0-PSG.edf,ST,EEG Fpz-Cz,8.33472245374229e-06,0.07083333333333333,39.17425444482168
ST7041J0-PSG.edf,ST,EEG Pz-Oz,0.0007334555759293216,0.07083333333333333,27.197031616519112
ST7041J0-PSG.edf,ST,EOG horizontal,1.666944490748458e-05,0.07083333333333333,61.57823742582736
ST7041J0-PSG.edf,ST,EMG submental,0.0005000833472245374,0.07083333333333333,22.582845413658603
ST7042J0-PSG.edf,ST,EEG Fpz-Cz,9.168194699116519e-05,0.05333333333333334,35.99759788988463
ST7042J0-PSG.edf,ST,EEG Pz-Oz,9.168194699116519e-05,0.05333333333333334,16.590248660892115
ST7042J0-PSG.edf,ST,EOG horizontal,9.168194699116519e-05,0.05333333333333334,43.04691134287868
ST7042J0-PSG.edf,ST,EMG submental,8.33472245374229e-05,0.05333333333333334,4.375353177154795
ST7051J0-PSG.edf,ST,EEG Fpz-Cz,3.333888981496916e-05,0.06833333333333333,32.15590751815753
ST7051J0-PSG.edf,ST,EEG Pz-Oz,4.167361226871145e-05,0.06833333333333333,10.960940301560917
ST7051J0-PSG.edf,ST,EOG horizontal,5.834305717619603e-05,0.06833333333333333,49.563630656041056
ST7051J0-PSG.edf,ST,EMG submental,3.333888981496916e-05,0.06833333333333333,4.193333491849426
ST7052J0-PSG.edf,ST,EEG Fpz-Cz,8.33472245374229e-06,0.1125,39.65630085159006
ST7052J0-PSG.edf,ST,EEG Pz-Oz,8.33472245374229e-06,0.1125,12.771832865398778
ST7052J0-PSG.edf,ST,EOG horizontal,8.33472245374229e-06,0.1125,121.42517263945965
ST7052J0-PSG.edf,ST,EMG submental,8.33472245374229e-06,0.1125,3.642300785647892
ST7061J0-PSG.edf,ST,EEG Fpz-Cz,0.00022503750625104185,0.06333333333333334,27.1899829976051
ST7061J0-PSG.edf,ST,EEG Pz-Oz,0.00018336389398233038,0.06333333333333334,13.733939025611802
ST7061J0-PSG.edf,ST,EOG horizontal,0.0001750291715285881,0.06333333333333334,29.8550233199065
ST7061J0-PSG.edf,ST,EMG submental,0.000200033338889815,0.06333333333333334,5.734965709533285
ST7062J0-PSG.edf,ST,EEG Fpz-Cz,0.0,0.07083333333333333,22.79022225922461
ST7062J0-PSG.edf,ST,EEG Pz-Oz,1.666944490748458e-05,0.07083333333333333,14.29869983429284
ST7062J0-PSG.edf,ST,EOG horizontal,1.666944490748458e-05,0.07083333333333333,26.744012511562282
ST7062J0-PSG.edf,ST,EMG submental,4.167361226871145e-05,0.07083333333333333,3.914185778382942
ST7071J0-PSG.edf,ST,EEG Fpz-Cz,1.666944490748458e-05,0.12,26.13153045311499
ST7071J0-PSG.edf,ST,EEG Pz-Oz,0.0,0.12,16.038587399675336
ST7071J0-PSG.edf,ST,EOG horizontal,1.666944490748458e-05,0.12,129.69607004880334
ST7071J0-PSG.edf,ST,EMG submental,0.0,0.12,3.8190952476177804
ST7072J0-PSG.edf,ST,EEG Fpz-Cz,8.33472245374229e-06,0.07083333333333333,24.70433117784046
ST7072J0-PSG.edf,ST,EEG Pz-Oz,1.666944490748458e-05,0.07,13.009918197595866
ST7072J0-PSG.edf,ST,EOG horizontal,8.33472245374229e-06,0.07083333333333333,54.72241018046523
ST7072J0-PSG.edf,ST,EMG submental,2.5004167361226873e-05,0.07083333333333333,4.990301064230141
ST7081J0-PSG.edf,ST,EEG Fpz-Cz,5.000833472245375e-05,0.06,33.93094997195382
ST7081J0-PSG.edf,ST,EEG Pz-Oz,4.167361226871145e-05,0.06,15.37277921750593
ST7081J0-PSG.edf,ST,EOG horizontal,3.333888981496916e-05,0.06,32.12072479247366
ST7081J0-PSG.edf,ST,EMG submental,5.834305717619603e-05,0.06,4.719787212437834
ST7082J0-PSG.edf,ST,EEG Fpz-Cz,5.834305717619603e-05,0.06416666666666666,36.71008697025121
ST7082J0-PSG.edf,ST,EEG Pz-Oz,4.167361226871145e-05,0.06416666666666666,16.083920457842908
ST7082J0-PSG.edf,ST,EOG horizontal,6.667777962993832e-05,0.06416666666666666,74.95132533857605
ST7082J0-PSG.edf,ST,EMG submental,5.834305717619603e-05,0.06416666666666666,18.89761624752923
ST7091J0-PSG.edf,ST,EEG Fpz-Cz,3.333888981496916e-05,0.06916666666666667,24.70255689406786
ST7091J0-PSG.edf,ST,EEG Pz-Oz,2.5004167361226873e-05,0.06916666666666667,10.383826603194535
ST7091J0-PSG.edf,ST,EOG horizontal,5.000833472245375e-05,0.06916666666666667,43.01008047567534
ST7091J0-PSG.edf,ST,EMG submental,5.000833472245375e-05,0.06916666666666667,6.058036113678542
ST7092J0-PSG.edf,ST,EEG Fpz-Cz,8.33472245374229e-06,0.05333333333333334,26.674767079272016
ST7092J0-PSG.edf,ST,EEG Pz-Oz,8.33472245374229e-06,0.05333333333333334,10.830863110510798
ST7092J0-PSG.edf,ST,EOG horizontal,1.666944490748458e-05,0.05333333333333334,80.92213026887086
ST7092J0-PSG.edf,ST,EMG submental,0.0,0.05333333333333334,12.458893820475872
ST7101J0-PSG.edf,ST,EEG Fpz-Cz,6.667777962993832e-05,0.05416666666666667,41.12668380863068
ST7101J0-PSG.edf,ST,EEG Pz-Oz,5.834305717619603e-05,0.05416666666666667,19.209918160947833
ST7101J0-PSG.edf,ST,EOG horizontal,9.168194699116519e-05,0.05416666666666667,66.31113868999176
ST7101J0-PSG.edf,ST,EMG submental,8.33472245374229e-05,0.05416666666666667,3.6023017385172067
ST7102J0-PSG.edf,ST,EEG Fpz-Cz,0.0,0.051666666666666666,36.142827178698255
ST7102J0-PSG.edf,ST,EEG Pz-Oz,0.0,0.051666666666666666,22.103206763797715
ST7102J0-PSG.edf,ST,EOG horizontal,0.0,0.051666666666666666,38.61926055929405
ST7102J0-PSG.edf,ST,EMG submental,0.0,0.051666666666666666,2.927337458582784
ST7111J0-PSG.edf,ST,EEG Fpz-Cz,8.33472245374229e-05,0.07416666666666667,24.405381576068766
ST7111J0-PSG.edf,ST,EEG Pz-Oz,4.167361226871145e-05,0.07416666666666667,12.946855748198622
ST7111J0-PSG.edf,ST,EOG horizontal,5.000833472245375e-05,0.07416666666666667,24.92745506928192
ST7111J0-PSG.edf,ST,EMG submental,5.000833472245375e-05,0.07416666666666667,4.706842060767279
ST7112J0-PSG.edf,ST,EEG Fpz-Cz,0.0001750291715285881,0.05416666666666667,30.936513469445323
ST7112J0-PSG.edf,ST,EEG Pz-Oz,0.00012502083680613436,0.05416666666666667,17.390868718113374
ST7112J0-PSG.edf,ST,EOG horizontal,0.00013335555925987665,0.05416666666666667,40.83975720306508
ST7112J0-PSG.edf,ST,EMG submental,0.0001666944490748458,0.05416666666666667,3.984753586644279
ST7121J0-PSG.edf,ST,EEG Fpz-Cz,4.167361226871145e-05,0.051666666666666666,33.369630119676806
ST7121J0-PSG.edf,ST,EEG Pz-Oz,4.167361226871145e-05,0.051666666666666666,12.688280721574714
ST7121J0-PSG.edf,ST,EOG horizontal,3.333888981496916e-05,0.051666666666666666,63.91801861054937
ST7121J0-PSG.edf,ST,EMG submental,5.000833472245375e-05,0.051666666666666666,4.520993973917398
ST7122J0-PSG.edf,ST,EEG Fpz-Cz,0.0,0.0525,30.79022693115268
ST7122J0-PSG.edf,ST,EEG Pz-Oz,0.0,0.0525,13.467550078066271
ST7122J0-PSG.edf,ST,EOG horizontal,1.666944490748458e-05,0.0525,30.266553667393524
ST7122J0-PSG.edf,ST,EMG submental,2.5004167361226873e-05,0.0525,5.382324949159644
ST7131J0-PSG.edf,ST,EEG Fpz-Cz,6.667777962993832e-05,0.12,24.26994041124783
ST7131J0-PSG.edf,ST,EEG Pz-Oz,2.5004167361226873e-05,0.12,12.640769723070086
ST7131J0-PSG.edf,ST,EOG horizontal,5.000833472245375e-05,0.12,20.41459575708679
ST7131J0-PSG.edf,ST,EMG submental,5.834305717619603e-05,0.12,3.62543318461062
ST7132J0-PSG.edf,ST,EEG Fpz-Cz,8.33472245374229e-05,0.06333333333333334,32.730643822466675
ST7132J0-PSG.edf,ST,EEG Pz-Oz,5.000833472245375e-05,0.06333333333333334,24.820797022882353
ST7132J0-PSG.edf,ST,EOG horizontal,5.000833472245375e-05,0.06333333333333334,62.55366784098096
ST7132J0-PSG.edf,ST,EMG submental,6.667777962993832e-05,0.06333333333333334,5.98556436717616
ST7141J0-PSG.edf,ST,EEG Fpz-Cz,2.5004167361226873e-05,0.12083333333333333,34.263990404189016
ST7141J0-PSG.edf,ST,EEG Pz-Oz,2.5004167361226873e-05,0.12083333333333333,14.54432103445941
ST7141J0-PSG.edf,ST,EOG horizontal,2.5004167361226873e-05,0.12083333333333333,39.60963246274929
ST7141J0-PSG.edf,ST,EMG submental,6.667777962993832e-05,0.12083333333333333,4.390276819119313
ST7142J0-PSG.edf,ST,EEG Fpz-Cz,6.667777962993832e-05,0.0675,26.54803390838086
ST7142J0-PSG.edf,ST,EEG Pz-Oz,0.00010835139189864977,0.0675,13.726294398347918
ST7142J0-PSG.edf,ST,EOG horizontal,6.667777962993832e-05,0.0675,19.699682497534
ST7142J0-PSG.edf,ST,EMG submental,0.0001000166694449075,0.0675,3.2772309542073796
ST7151J0-PSG.edf,ST,EEG Fpz-Cz,0.00011668611435239206,0.25833333333333336,23.222479507009453
ST7151J0-PSG.edf,ST,EEG Pz-Oz,0.0001000166694449075,0.25833333333333336,13.543270925761654
ST7151J0-PSG.edf,ST,EOG horizontal,3.333888981496916e-05,0.25833333333333336,29.49774770064741
ST7151J0-PSG.edf,ST,EMG submental,0.00010835139189864977,0.25833333333333336,2.63735611415471
ST7152J0-PSG.edf,ST,EEG Fpz-Cz,0.0,0.060833333333333336,25.694975285822885
ST7152J0-PSG.edf,ST,EEG Pz-Oz,1.666944490748458e-05,0.060833333333333336,12.210826078858588
ST7152J0-PSG.edf,ST,EOG horizontal,1.666944490748458e-05,0.060833333333333336,21.630770773562404
ST7152J0-PSG.edf,ST,EMG submental,0.0,0.060833333333333336,2.8173528553003253
ST7161J0-PSG.edf,ST,EEG Fpz-Cz,0.00010835139189864977,0.06666666666666667,24.929426903952432
ST7161J0-PSG.edf,ST,EEG Pz-Oz,0.00010835139189864977,0.06666666666666667,12.287499803935063
ST7161J0-PSG.edf,ST,EOG horizontal,0.00010835139189864977,0.06666666666666667,16.37489177447338
ST7161J0-PSG.edf,ST,EMG submental,0.00011668611435239206,0.06666666666666667,3.806667788495985
ST7162J0-PSG.edf,ST,EEG Fpz-Cz,0.0,0.050833333333333335,27.706207513954112
ST7162J0-PSG.edf,ST,EEG Pz-Oz,0.0,0.050833333333333335,10.638018559435652
ST7162J0-PSG.edf,ST,EOG horizontal,0.0,0.050833333333333335,36.84007644327936
ST7162J0-PSG.edf,ST,EMG submental,0.0,0.050833333333333335,6.047957107004001
ST7171J0-PSG.edf,ST,EEG Fpz-Cz,0.0,0.02666666666666667,30.01642155892709
ST7171J0-PSG.edf,ST,EEG Pz-Oz,0.0,0.02666666666666667,14.691279162496187
ST7171J0-PSG.edf,ST,EOG horizontal,0.0,0.02666666666666667,45.46988519313547
ST7171J0-PSG.edf,ST,EMG submental,0.0,0.02666666666666667,3.67465902943606
ST7172J0-PSG.edf,ST,EEG Fpz-Cz,1.666944490748458e-05,0.085,21.203711200936816
ST7172J0-PSG.edf,ST,EEG Pz-Oz,1.666944490748458e-05,0.085,9.975945696835653
ST7172J0-PSG.edf,ST,EOG horizontal,3.333888981496916e-05,0.085,15.121504064792358
ST7172J0-PSG.edf,ST,EMG submental,5.000833472245375e-05,0.085,4.87124116667264
ST7181J0-PSG.edf,ST,EEG Fpz-Cz,1.666944490748458e-05,0.12083333333333333,21.631487962935694
ST7181J0-PSG.edf,ST,EEG Pz-Oz,1.666944490748458e-05,0.12083333333333333,12.04051159453605
ST7181J0-PSG.edf,ST,EOG horizontal,3.333888981496916e-05,0.12083333333333333,13.30883148275885
ST7181J0-PSG.edf,ST,EMG submental,4.167361226871145e-05,0.12083333333333333,3.4000267888332285
ST7182J0-PSG.edf,ST,EEG Fpz-Cz,5.834305717619603e-05,0.15166666666666667,26.229961070706068
ST7182J0-PSG.edf,ST,EEG Pz-Oz,4.167361226871145e-05,0.15166666666666667,13.187909781648717
ST7182J0-PSG.edf,ST,EOG horizontal,8.33472245374229e-05,0.15166666666666667,19.515443899483955
ST7182J0-PSG.edf,ST,EMG submental,3.333888981496916e-05,0.15166666666666667,4.234656164518379
ST7191J0-PSG.edf,ST,EEG Fpz-Cz,3.333888981496916e-05,0.16333333333333333,32.46038077124339
ST7191J0-PSG.edf,ST,EEG Pz-Oz,1.666944490748458e-05,0.16333333333333333,14.01358470328044
ST7191J0-PSG.edf,ST,EOG horizontal,2.5004167361226873e-05,0.16333333333333333,44.649097636970886
ST7191J0-PSG.edf,ST,EMG submental,8.33472245374229e-06,0.16333333333333333,7.529312745307662
ST7192J0-PSG.edf,ST,EEG Fpz-Cz,0.0,0.17083333333333334,31.287760475077917
ST7192J0-PSG.edf,ST,EEG Pz-Oz,2.5004167361226873e-05,0.17083333333333334,15.34838151449679
ST7192J0-PSG.edf,ST,EOG horizontal,1.666944490748458e-05,0.17083333333333334,73.52489330950394
ST7192J0-PSG.edf,ST,EMG submental,2.5004167361226873e-05,0.17083333333333334,2.564122393706243
ST7201J0-PSG.edf,ST,EEG Fpz-Cz,0.0,0.04416666666666667,39.07813821346306
ST7201J0-PSG.edf,ST,EEG Pz-Oz,0.0,0.04416666666666667,10.594018122801497
ST7201J0-PSG.edf,ST,EOG horizontal,0.0,0.04416666666666667,48.56404973814196
ST7201J0-PSG.edf,ST,EMG submental,0.0,0.04416666666666667,5.367422963649634
ST7202J0-PSG.edf,ST,EEG Fpz-Cz,1.666944490748458e-05,0.12166666666666667,20.966254665655192
ST7202J0-PSG.edf,ST,EEG Pz-Oz,0.0,0.12166666666666667,11.40246382484063
ST7202J0-PSG.edf,ST,EOG horizontal,1.666944490748458e-05,0.12166666666666667,18.83148085684889
ST7202J0-PSG.edf,ST,EMG submental,1.666944490748458e-05,0.12166666666666667,10.733133397410597
ST7211J0-PSG.edf,ST,EEG Fpz-Cz,0.0012418736456076013,0.03,35.80080844761801
ST7211J0-PSG.edf,ST,EEG Pz-Oz,0.0012918819803300551,0.03,14.075385398253776
ST7211J0-PSG.edf,ST,EOG horizontal,0.0013502250375062512,0.03,56.54329233540197
ST7211J0-PSG.edf,ST,EMG submental,0.001316886147691282,0.03,3.9245588615616125
ST7212J0-PSG.edf,ST,EEG Fpz-Cz,5.000833472245375e-05,0.07083333333333333,41.26054120061912
ST7212J0-PSG.edf,ST,EEG Pz-Oz,5.834305717619603e-05,0.07083333333333333,13.436379732048056
ST7212J0-PSG.edf,ST,EOG horizontal,4.167361226871145e-05,0.07083333333333333,132.09670782426605
ST7212J0-PSG.edf,ST,EMG submental,8.33472245374229e-06,0.07083333333333333,5.645646062680738
ST7221J0-PSG.edf,ST,EEG Fpz-Cz,0.00012502083680613436,0.12666666666666668,23.345782722196624
ST7221J0-PSG.edf,ST,EEG Pz-Oz,0.0001666944490748458,0.12666666666666668,8.883894144972396
ST7221J0-PSG.edf,ST,EOG horizontal,0.0001666944490748458,0.12666666666666668,38.41653884361574
ST7221J0-PSG.edf,ST,EMG submental,0.00013335555925987665,0.12666666666666668,3.3905431546444547
ST7222J0-PSG.edf,ST,EEG Fpz-Cz,0.0002500416736122687,0.065,19.696532036708906
ST7222J0-PSG.edf,ST,EEG Pz-Oz,0.0004500750125020837,0.065,8.111797007069637
ST7222J0-PSG.edf,ST,EOG horizontal,0.00031671945324220703,0.065,26.537963807021548
ST7222J0-PSG.edf,ST,EMG submental,0.00032505417569594935,0.065,10.116240694153486
ST7241J0-PSG.edf,ST,EEG Fpz-Cz,9.168194699116519e-05,0.059166666666666666,23.975707821680125
ST7241J0-PSG.edf,ST,EEG Pz-Oz,0.00012502083680613436,0.059166666666666666,12.372338504472417
ST7241J0-PSG.edf,ST,EOG horizontal,6.667777962993832e-05,0.059166666666666666,34.0622946735853
ST7241J0-PSG.edf,ST,EMG submental,8.33472245374229e-05,0.059166666666666666,7.969645534377698
ST7242J0-PSG.edf,ST,EEG Fpz-Cz,0.0,0.06833333333333333,25.77341056664354
ST7242J0-PSG.edf,ST,EEG Pz-Oz,0.0,0.06833333333333333,11.685853188295486
ST7242J0-PSG.edf,ST,EOG horizontal,8.33472245374229e-06,0.06833333333333333,23.024004849600942
ST7242J0-PSG.edf,ST,EMG submental,3.333888981496916e-05,0.06833333333333333,3.887474664654698
