file,stage,epoch,sigma_rms,slow_rms,alpha_rms,beta_rms,kcomplex_like,k_min,sw_occ,eog_ptp,eog_zc,emg_rms
SC4001E0-PSG.edf,Wake,0,1.9878626960614005,21.75545090848016,1.7911559930172736,3.0541687258186903,1,-121.57655677655677,0.021333333333333333,602.6896214896215,0.5593729152768512,3.500668888464984
SC4001E0-PSG.edf,Wake,1,3.1885537666081616,16.972226134797307,2.4687864058930424,5.216570097780673,1,-101.41538461538461,0.03266666666666666,793.4017094017095,0.6457638425617078,3.4159598358294554
SC4001E0-PSG.edf,Wake,2,2.3703220987391758,19.39989223520116,5.378034227127358,3.7803474466276143,1,-113.88717948717948,0.036,696.8136752136752,0.6484322881921281,3.4534584404622564
SC4001E0-PSG.edf,Wake,3,1.6022052063560528,13.170921655412021,6.429532266598545,2.626527906934212,1,-58.56117216117216,0.009,245.90525030525032,0.6697798532354903,3.4047771929060695
SC4001E0-PSG.edf,Wake,4,1.6977386883924177,13.504678682416138,6.029902540529316,2.4896663689458385,1,-81.72307692307692,0.019333333333333334,206.974358974359,0.6717811874583055,3.3869688513477656
SC4001E0-PSG.edf,Wake,5,2.16867157911772,20.067498128919837,1.6630810391338078,3.047129699174731,1,-101.13406593406593,0.021,529.7557997557998,0.6821214142761841,3.3844618479161506
SC4001E0-PSG.edf,Wake,6,3.218834562071294,23.904110713009718,2.869684995656462,6.018566198366714,1,-110.88644688644689,0.028,634.7213675213675,0.6390927284856571,3.489462136203802
SC4001E0-PSG.edf,Wake,7,1.7439035189870622,23.053437969463328,1.7380129249638527,2.8332599595107295,1,-109.47985347985347,0.03166666666666667,671.1882783882784,0.6020680453635757,3.3850917860524845
SC4001E0-PSG.edf,Wake,8,1.9403230108417497,15.71819633727548,1.794433106765573,2.9268462464327114,1,-88.56849816849817,0.039,622.4014652014653,0.6631087391594396,3.4839020652136594
SC4001E0-PSG.edf,Wake,9,2.2901204845542718,19.859293865584522,2.015023038289052,4.1396736350431205,1,-97.38315018315018,0.03233333333333333,780.5890109890111,0.6104069379586391,3.3956932331017966
SC4001E0-PSG.edf,Wake,10,2.196150949279237,22.301406683069548,2.2816000316005685,3.177416181447221,1,-118.57582417582418,0.033,565.7299145299146,0.6087391594396264,3.407026034535105
SC4001E0-PSG.edf,Wake,11,2.238895198406055,22.007743066200913,1.9609633690875323,3.749497181265554,1,-105.82271062271062,0.032,611.067155067155,0.6200800533689126,3.392183131848869
SC4001E0-PSG.edf,N1,1021,1.5275906443956315,5.825292790750385,3.8984225841412834,1.7619128686225993,0,-31.92967032967033,0.018333333333333333,133.54774114774116,0.6340893929286191,3.3016791889380577
SC4001E0-PSG.edf,N1,1022,1.5872859513093485,6.657233710189374,1.6202678050082833,1.9372600855002926,1,-50.87179487179487,0.023,115.80708180708183,0.6270847231487658,3.3393766084904732
SC4001E0-PSG.edf,N1,1023,1.2443691454687678,7.720220387784579,1.346724853084616,1.6447051194161586,1,-49.652747252747254,0.031,164.593894993895,0.624082721814543,3.1387337574251184
SC4001E0-PSG.edf,N1,1024,1.4031107500728321,13.666812076188359,1.6183372890286873,1.9340997429084583,1,-67.18827838827839,0.03666666666666667,147.34603174603177,0.6200800533689126,2.961083630474943
SC4001E0-PSG.edf,N1,1089,2.50159181790045,10.959873609037862,3.160132795539566,4.106487282037663,1,-69.62637362637362,0.009333333333333334,776.6466422466423,0.6150767178118746,3.348250428706511
SC4001E0-PSG.edf,N1,1180,1.9379409405241834,16.493602482467434,3.0060620410984225,3.2920760017775046,1,-85.19267399267399,0.012666666666666666,371.0754578754579,0.6664442961974649,3.3587020508920804
SC4001E0-PSG.edf,N1,1228,2.1767735623689983,7.3292099169353575,2.616414865449142,3.703583095050401,1,-86.31794871794872,0.016,312.43272283272285,0.6477651767845231,1.8430146318825937
SC4001E0-PSG.edf,N1,1229,1.6983903633448163,11.936907889840075,3.151962208353752,2.4730817338383533,1,-79.37875457875458,0.04033333333333333,293.21367521367523,0.6544362908605738,2.0818499465619515
SC4001E0-PSG.edf,N1,1230,1.4819429982025227,8.303740457686851,3.6707385099059,2.378733864646728,1,-90.44395604395605,0.029333333333333333,280.4009768009768,0.6497665110073382,2.5225501382529547
SC4001E0-PSG.edf,N1,1231,1.1171256643699756,7.521609984319481,1.7060752529912282,1.5461090373722643,0,-38.024908424908425,0.017666666666666667,83.28253968253969,0.624082721814543,1.2541062687560944
SC4001E0-PSG.edf,N1,1232,1.2900965945599905,8.333602382269103,1.4759517952131256,1.516511178989486,1,-42.33846153846154,0.023,119.25665445665447,0.6117411607738492,1.538615048238729
SC4001E0-PSG.edf,N1,1233,1.680584101981394,8.401146476105934,1.3854817887479118,1.5131364140644676,0,-35.96190476190476,0.025,58.64273504273505,0.6154102735156771,1.2783285441022847
SC4001E0-PSG.edf,N2,1025,1.393737043245822,13.670566469511076,1.4296261136905695,1.7203915096211166,1,-69.15750915750915,0.032,146.36043956043957,0.6030687124749833,2.9416240639030224
SC4001E0-PSG.edf,N2,1026,1.585971114639133,14.492577987601162,1.4211684583810464,1.7932458151487298,1,-70.93919413919414,0.023666666666666666,98.06642246642247,0.5997331554369579,2.6799660445610125
SC4001E0-PSG.edf,N2,1027,2.1738944507453484,15.751252529346498,1.5286543053595396,2.1045710865316005,1,-69.15750915750915,0.028,89.19609279609281,0.6154102735156771,2.817921740100909
SC4001E0-PSG.edf,N2,1028,2.2675998667956416,14.52528560270422,1.6711031541229466,2.1694046623632928,1,-62.4996336996337,0.035666666666666666,90.67448107448108,0.5960640426951301,2.5429405026464935
SC4001E0-PSG.edf,N2,1029,2.191398322656664,13.885782496362978,1.6925750501901304,2.2114668969670945,1,-66.06300366300367,0.024,88.7032967032967,0.6150767178118746,2.7787805718816063
SC4001E0-PSG.edf,N2,1030,1.8237858112567873,11.446905526990456,1.5146795176552066,1.9328347135757473,1,-94.47619047619048,0.019333333333333334,76.87619047619049,0.6107404936624417,2.731007311109462
SC4001E0-PSG.edf,N2,1031,3.2796296387443573,17.090846403697864,1.8374050152716193,2.622225653432288,1,-83.5047619047619,0.031,105.45836385836387,0.5913942628418946,2.750015612076896
SC4001E0-PSG.edf,N2,1032,1.912066141382974,15.515142597784632,1.812952869203561,1.839340543532646,1,-77.5032967032967,0.034666666666666665,189.72649572649573,0.5897264843228819,2.7940861117725055
SC4001E0-PSG.edf,N2,1033,4.012829625869868,14.392370521669433,2.2380927346657433,2.8346246239547885,1,-58.56117216117216,0.025,95.1096459096459,0.5897264843228819,2.7011376615542324
SC4001E0-PSG.edf,N2,1034,3.0799786233896227,16.999819719064146,1.8785976759059075,2.340716911285567,1,-73.56483516483516,0.03233333333333333,96.58803418803419,0.5893929286190794,2.676334632789156
SC4001E0-PSG.edf,N2,1035,2.804112728738329,16.57281325656761,2.275091568656806,2.033116054419021,1,-67.84468864468865,0.029666666666666668,79.34017094017095,0.6027351567711808,2.699630172202605
SC4001E0-PSG.edf,N2,1036,3.096624344195302,18.017753520708904,2.255481781245115,2.229958598419926,1,-68.5010989010989,0.023,88.7032967032967,0.5847231487658439,2.759299645441454
SC4001E0-PSG.edf,N3,1038,3.271177824516893,20.209463105614336,2.537908668919185,2.2300269997615856,1,-83.87985347985348,0.021666666666666667,99.54481074481075,0.5810540360240161,2.7118562892110143
SC4001E0-PSG.edf,N3,1040,3.2679831877512076,20.1523895167714,2.5211975308606966,2.0931263572023795,1,-76.37802197802198,0.012333333333333333,134.53333333333336,0.5867244829886591,2.634125610773589
SC4001E0-PSG.edf,N3,1041,2.705406691388,23.77489889250853,2.3059990763707217,1.9438594673616578,0,-78.53479853479854,0.015,101.02319902319903,0.5787191460973983,2.764287587547046
SC4001E0-PSG.edf,N3,1042,2.260164369298763,21.252577859334362,2.1033411869915355,1.6687308015987765,0,-70.47032967032968,0.021666666666666667,110.38632478632479,0.5857238158772515,2.7582447317089183
SC4001E0-PSG.edf,N3,1043,2.7139674325010934,24.005674258620733,2.2002420416283988,1.9037986077745872,1,-81.62930402930402,0.02666666666666667,129.11257631257632,0.6044029352901935,2.8596339392773102
SC4001E0-PSG.edf,N3,1044,2.807009345202419,22.491283086552016,2.29388060655052,1.9749228806330568,0,-68.31355311355311,0.014,124.1846153846154,0.6050700466977985,2.9114632518145696
SC4001E0-PSG.edf,N3,1045,2.680635937779411,26.427545567603147,2.1007511649600845,1.8883364352210283,0,-73.56483516483516,0.006666666666666667,98.55921855921856,0.5883922615076718,2.9084152156572602
SC4001E0-PSG.edf,N3,1046,2.5613462886968454,21.884119339833873,1.9423538561837888,1.8489647529457176,1,-101.69670329670329,0.027666666666666666,120.24224664224664,0.6044029352901935,2.840471298922065
SC4001E0-PSG.edf,N3,1047,2.804112249036068,23.32055017235219,2.0910603616358974,1.778618036705706,0,-78.34725274725275,0.024,128.61978021978024,0.5663775850567044,2.848464802895295
SC4001E0-PSG.edf,N3,1048,2.9577880741025733,28.249917251726163,2.1575739699349916,1.9262036732020176,1,-106.0102564102564,0.011666666666666667,122.21343101343102,0.5683789192795197,2.921529576551753
SC4001E0-PSG.edf,N3,1049,2.2862192505654937,27.308128022844276,2.1189736157707837,1.7900741087989829,1,-96.63296703296703,0.019333333333333334,108.41514041514043,0.5937291527685123,2.9132673981859845
SC4001E0-PSG.edf,N3,1050,2.135936489413525,25.630923122304996,2.2305639002538262,1.620693032562064,0,-81.16043956043956,0.011666666666666667,139.46129426129426,0.5703802535023349,2.8789376281306733
SC4001E0-PSG.edf,REM,1199,1.369672083088758,9.046696095536188,2.1875031557001723,1.37896078490879,1,-66.43809523809524,0.021,80.32576312576313,0.5823882588392262,0.2841642717396636
SC4001E0-PSG.edf,REM,1200,1.3676764305177243,8.892979974222516,2.445668963614961,1.5387791921559073,1,-69.53260073260073,0.027666666666666666,332.1445665445666,0.5807204803202135,0.3757525781681345
SC4001E0-PSG.edf,REM,1201,1.2802039496112945,10.404642245397087,2.733568460230428,1.5236326478458468,1,-55.372893772893775,0.024666666666666667,82.2969474969475,0.5933955970647098,0.340011176286898
SC4001E0-PSG.edf,REM,1202,1.2737811869709474,7.251636513905533,2.6734724862353043,1.507911675936851,0,-37.55604395604396,0.019333333333333334,112.35750915750916,0.5967311541027351,0.3770573784806056
SC4001E0-PSG.edf,REM,1203,1.2901621466664848,7.223942157650906,2.338374252956862,1.449056326488337,1,-42.33846153846154,0.018666666666666668,154.73797313797314,0.6027351567711808,0.8397625061091181
SC4001E0-PSG.edf,REM,1204,1.1794307222388893,7.350812884225757,3.2403199504003304,1.402472318439556,0,-36.99340659340659,0.026333333333333334,91.16727716727718,0.6074049366244163,0.39280495584110614
SC4001E0-PSG.edf,REM,1205,1.4476399839338605,9.887124229546906,2.185010586485268,1.609747168962749,1,-62.59340659340659,0.024,78.35457875457877,0.5843895930620414,0.9320447056516835
SC4001E0-PSG.edf,REM,1206,1.2575630406417557,6.732953624820638,3.3421679584420514,1.536346792057269,0,-36.71208791208791,0.015,169.02905982905986,0.5907271514342896,0.44162140648599296
SC4001E0-PSG.edf,REM,1207,1.4376955437560794,7.523553056948214,2.773625772408,1.6104890489448622,0,-39.712820512820514,0.03133333333333333,251.81880341880344,0.5973982655103403,0.48150292487862073
SC4001E0-PSG.edf,REM,1208,1.3674405901200255,6.962324360727815,2.52769237707095,1.615432552426706,0,-35.02417582417583,0.022333333333333334,255.76117216117217,0.5690460306871248,0.3640184976984915
SC4001E0-PSG.edf,REM,1209,1.0937651276480769,7.689668056746959,2.6619043945451955,1.4001548146006448,1,-65.78168498168498,0.017,186.27692307692308,0.6137424949966644,0.45708146611590666
SC4001E0-PSG.edf,REM,1210,1.278444248578505,6.2203085906132936,2.3653873628614392,1.5225680050438353,1,-45.432967032967035,0.01633333333333333,124.1846153846154,0.6057371581054036,0.880842097086646
SC4111E0-PSG.edf,Wake,0,2.1829638613069333,23.347508245495153,2.2144015860889157,2.592062418857688,0,-98.17582417582416,0.032,704.1428571428571,0.5310206804536357,2.8206523358967868
SC4111E0-PSG.edf,Wake,1,2.108517767459725,26.305854353601323,2.5357853714125653,2.8358449631169855,0,-90.46153846153844,0.016,570.8857142857142,0.5400266844563042,2.7928161414600856
SC4111E0-PSG.edf,Wake,2,1.4901644213609466,19.730794562988276,2.6374524752136645,2.5066717262939204,0,-103.021978021978,0.033,606.2190476190476,0.5563709139426284,2.792854573132419
SC4111E0-PSG.edf,Wake,3,1.298856154925015,14.713929476806141,2.5021470501210086,2.593072450140799,1,-76.5164835164835,0.037333333333333336,393.20952380952383,0.6527685123415611,2.775204160657975
SC4111E0-PSG.edf,Wake,4,2.9255847450742176,29.805155691178772,2.5964400713651554,3.3297634506000326,0,-109.05494505494504,0.032,515.3619047619047,0.614076050700467,2.7557338284626356
SC4111E0-PSG.edf,Wake,5,2.5165627251175926,27.94478400779364,2.5696565393880024,4.377392346811816,0,-91.35164835164834,0.014,704.6476190476191,0.5960640426951301,2.76377852465304
SC4111E0-PSG.edf,Wake,6,1.9659789249266537,23.209068666606463,2.160427668422504,2.6629384883764162,0,-87.29670329670327,0.017,577.952380952381,0.6064042695130086,2.7183855748096764
SC4111E0-PSG.edf,Wake,7,2.3639738847124505,24.33281926850947,2.361305831531735,2.69516547818952,0,-86.40659340659339,0.022333333333333334,556.7523809523809,0.6290860573715811,2.744151404958067
SC4111E0-PSG.edf,Wake,8,2.2978872003087893,26.150998423679127,2.103169122596311,2.5793344676700722,0,-93.03296703296701,0.015,523.9428571428571,0.5703802535023349,2.800739021520332
SC4111E0-PSG.edf,Wake,9,2.836539683348698,32.48933265357912,2.195326242061839,3.5081597803785183,0,-101.24175824175822,0.0033333333333333335,622.3714285714286,0.5426951300867244,2.785109955938305
SC4111E0-PSG.edf,Wake,10,2.2513980314676916,23.552601468965417,2.203823193183845,2.8602673771311746,0,-99.75824175824174,0.025666666666666667,663.7619047619048,0.5123415610406938,2.7652797085768137
SC4111E0-PSG.edf,Wake,11,2.1912102481277733,20.123337731030023,3.391946530328222,3.2828336816435124,1,-102.9230769230769,0.039,594.6095238095238,0.6220813875917278,2.7525911671247756
SC4111E0-PSG.edf,N1,935,0.9565064579762655,4.396704488641848,1.5431010360423703,1.40660372130018,0,-26.472527472527457,0.012666666666666666,337.6857142857143,0.699466310873916,2.853446851324435
SC4111E0-PSG.edf,N1,936,1.0345340394285847,5.218146981233949,2.166765708190559,1.4420457825672013,0,-32.30769230769229,0.017666666666666667,374.0285714285714,0.6887925283522348,2.8407905707156003
SC4111E0-PSG.edf,N1,939,1.1844288060656503,5.164388399556842,2.7797966187976857,1.9710054900650142,0,-33.69230769230768,0.02666666666666667,421.4761904761905,0.6544362908605738,2.797623920401025
SC4111E0-PSG.edf,N1,940,0.9339436296371665,5.614903548771696,1.1196330017258878,1.5036896262695405,0,-31.714285714285698,0.016,430.0571428571428,0.6637758505670447,2.8534152636212395
SC4111E0-PSG.edf,N1,941,0.9443882976734943,7.282342763616555,1.0945646957636372,1.490630809359607,1,-53.47252747252745,0.021666666666666667,601.6761904761904,0.6397598398932621,2.8491795778200197
SC4111E0-PSG.edf,N1,942,0.9748507483519542,7.009904719153831,0.9965408151562528,1.3848326909584896,1,-54.65934065934064,0.019666666666666666,378.06666666666666,0.6684456304202802,2.822597456244868
SC4111E0-PSG.edf,N1,943,1.0940986617473416,7.766399156630142,1.0951788573610695,1.4907150480671505,0,-38.34065934065932,0.025333333333333333,410.3714285714285,0.6851234156104069,2.828223942099824
SC4111E0-PSG.edf,N1,944,0.9782990733516015,8.215827319347284,1.0660797602516692,1.335866358692621,1,-66.23076923076921,0.025333333333333333,454.79047619047617,0.715143428952635,2.8356024639101536
SC4111E0-PSG.edf,N1,966,0.9624636819485985,5.837663716690372,1.100565068890827,1.386973240539539,0,-32.999999999999986,0.012666666666666666,380.5904761904762,0.6631087391594396,2.900659166465443
SC4111E0-PSG.edf,N1,968,1.1367922968502555,4.837029782893869,1.109240755910413,1.4034827090793143,0,-27.16483516483515,0.025333333333333333,388.1619047619048,0.6390927284856571,2.873771598439932
SC4111E0-PSG.edf,N1,969,1.143112869316003,7.302378872393175,1.086615952517957,1.3678549543948473,1,-44.571428571428555,0.029666666666666668,276.6095238095238,0.6727818545697132,2.8763319465365376
SC4111E0-PSG.edf,N1,1020,2.3897368485914092,13.393866130513487,2.9215615090190554,3.817307019047518,1,-75.52747252747251,0.03,489.6190476190476,0.6767845230153435,2.9185971516009768
SC4111E0-PSG.edf,N2,945,1.2220722300191316,7.328382895708445,0.9893996247313614,1.4068789591702995,0,-37.64835164835163,0.017333333333333333,315.9809523809524,0.723148765843896,2.8660664100237923
SC4111E0-PSG.edf,N2,946,1.372233047209309,9.754422802745319,1.1254191972081284,1.4771098944009367,1,-53.86813186813185,0.038,209.47619047619048,0.7651767845230153,2.8689919019288523
SC4111E0-PSG.edf,N2,947,1.1972044854793533,6.616161863951558,1.0973555655348577,1.319033643480886,1,-42.19780219780218,0.025666666666666667,199.88571428571427,0.7815210140093396,2.8393607496524047
SC4111E0-PSG.edf,N2,948,1.5307583643908467,8.214993241403038,1.144038197925355,1.5048469246720284,1,-43.08791208791207,0.028666666666666667,245.3142857142857,0.7518345563709139,2.8477608045620686
SC4111E0-PSG.edf,N2,949,1.4262021440372734,9.417337861332339,1.0954257496939883,1.5515769364700742,1,-55.351648351648336,0.034,369.9904761904762,0.7615076717811875,2.81772293409649
SC4111E0-PSG.edf,N2,950,1.4579154870590079,7.687948848529246,1.2191947262544716,1.538483515871116,1,-46.54945054945053,0.025666666666666667,233.2,0.7314876584389594,2.8264691990774167
SC4111E0-PSG.edf,N2,951,1.8448160496548978,6.799887516725335,1.4537938396052794,1.7489073138930866,1,-46.45054945054943,0.015,152.43809523809523,0.8072048032021347,2.8212440518324535
SC4111E0-PSG.edf,N2,952,2.444910406359977,9.81394005208068,1.4242795966754307,2.15203785737811,1,-55.94505494505493,0.036,116.0952380952381,0.7891927951967979,2.804351547149537
SC4111E0-PSG.edf,N2,953,1.6238608928962968,9.324337123955715,1.060733041735532,1.6764316337273357,1,-53.571428571428555,0.03133333333333333,261.46666666666664,0.7691794529686458,2.792411025141774
SC4111E0-PSG.edf,N2,954,1.8599605738300147,9.62550680007286,1.1689591154465426,1.5889233382969286,1,-53.571428571428555,0.02666666666666667,261.4666666666667,0.7775183455637091,2.817842342407869
SC4111E0-PSG.edf,N2,955,1.9354222960683658,11.920103474557784,1.3679607505842073,1.8071210261660675,1,-51.890109890109876,0.028333333333333332,154.96190476190475,0.7918612408272181,2.801150573127645
SC4111E0-PSG.edf,N2,956,2.014018584738991,8.518631635646807,1.2410901607824116,1.6553311473988577,0,-36.758241758241745,0.030666666666666665,168.59047619047618,0.7795196797865244,2.8092606144678
SC4111E0-PSG.edf,N3,994,2.352952531618405,20.836975223429327,1.4727080030710347,1.6560412759966057,0,-66.82417582417581,0.030333333333333334,210.9904761904762,0.686457638425617,2.840685480654273
SC4111E0-PSG.edf,N3,997,1.5832196406811452,19.40987062886132,1.2581660066484202,1.4207859395067224,1,-82.35164835164834,0.04833333333333333,196.85714285714283,0.7131420947298199,2.8291420607668325
SC4111E0-PSG.edf,N3,1000,2.5056778395768338,16.754353198965,1.5075611230985069,1.9498161443815436,0,-58.4175824175824,0.030666666666666665,96.91428571428571,0.6894596397598399,2.7965688500970853
SC4111E0-PSG.edf,N3,1002,2.1256090717372085,20.854341308339613,1.434105193825883,1.61059324301864,0,-67.5164835164835,0.030333333333333334,172.62857142857143,0.6724482988659106,2.7281452307382756
SC4111E0-PSG.edf,N3,1006,2.123992487634979,15.831529105925421,1.572526827748752,1.5889674425078928,0,-64.35164835164834,0.03266666666666666,110.54285714285714,0.7258172114743162,2.7923098443164696
SC4111E0-PSG.edf,N3,1009,1.6733257682601306,17.800091317519467,1.3746131299192053,1.4099008229729446,1,-81.06593406593404,0.022333333333333334,176.66666666666669,0.7198132088058706,2.7809329609563287
SC4111E0-PSG.edf,N3,1010,1.9756047762199107,15.1922303077821,1.4589945939322442,1.4214564194894799,1,-64.25274725274724,0.021333333333333333,117.60952380952381,0.6797865243495663,2.754643860828474
SC4111E0-PSG.edf,N3,1011,1.5572386614017943,23.71771121454678,1.184684202661408,1.2900012204779752,0,-71.37362637362635,0.019333333333333334,218.05714285714285,0.676450967311541,2.781688959367432
SC4111E0-PSG.edf,N3,1013,2.0805523165730806,14.736113979345916,1.600388525385276,1.537079091204391,1,-55.74725274725273,0.028,75.71428571428571,0.7158105403602402,2.7537013636195193
SC4111E0-PSG.edf,N3,1014,1.9510538692431287,16.99589342370121,1.5218570969715342,1.3775656988293763,1,-70.97802197802196,0.022,98.42857142857142,0.7308205470313542,2.730255983114648
SC4111E0-PSG.edf,N3,1015,2.125533719354768,14.178290223422904,1.501267718880364,1.446146794519097,1,-55.74725274725273,0.014666666666666666,74.70476190476191,0.7098065376917946,2.7335104901938827
SC4111E0-PSG.edf,N3,1016,1.926265708574082,16.118649700619795,1.507135547643683,1.435246592420998,1,-77.10989010989009,0.027666666666666666,167.07619047619048,0.6470980653769179,2.6990624298078028
SC4111E0-PSG.edf,REM,1138,0.8944110648235868,5.2397653384162854,1.2514828948333943,1.1586894727479946,0,-34.18681318681317,0.012,262.4761904761905,0.8222148098732488,2.8204794155131383
SC4111E0-PSG.edf,REM,1139,0.9985088707805305,8.642675193990568,1.5967254022631714,1.16699415355368,1,-61.48351648351647,0.030666666666666665,248.84761904761905,0.837891927951968,2.870635980637972
SC4111E0-PSG.edf,REM,1140,0.8056474405159666,5.074805254612964,1.146090306724337,1.08650197436446,0,-34.978021978021964,0.024666666666666667,114.07619047619048,0.8482321547698466,2.862021965906854
SC4111E0-PSG.edf,REM,1141,0.866628294447274,6.392356566596764,1.3727433843237071,1.1553855588001607,1,-43.28571428571427,0.017666666666666667,217.04761904761904,0.8398932621747832,2.845822903836428
SC4111E0-PSG.edf,REM,1142,0.7025613278742903,5.2539226705548625,1.1883516908885408,1.0605308469056074,0,-34.78021978021977,0.017333333333333333,404.81904761904764,0.8525683789192795,2.8137548815298987
SC4111E0-PSG.edf,REM,1143,1.0384254473253973,7.63730292127805,1.1289413449972145,1.2003741974928699,1,-49.4175824175824,0.021333333333333333,344.247619047619,0.7881921280853903,2.8171310228670587
SC4111E0-PSG.edf,REM,1144,1.1874399595673368,6.963672941957637,1.0512754140144631,1.3493390557767415,1,-44.07692307692306,0.024666666666666667,349.79999999999995,0.8532354903268846,2.850789434525111
SC4111E0-PSG.edf,REM,1145,1.0405922089808854,5.535553914409019,1.2420529744234985,1.2684487221935472,0,-37.74725274725273,0.012666666666666666,141.33333333333331,0.8525683789192795,2.8315158013568165
SC4111E0-PSG.edf,REM,1146,1.7925670674161331,7.38323138366374,1.1888172272688993,1.499096867821107,1,-56.142857142857125,0.027333333333333334,159.5047619047619,0.8308872581721147,2.8241254457501235
SC4111E0-PSG.edf,REM,1147,1.1288325315379688,6.813028118303077,1.2114000567066234,1.1723381365586805,1,-46.351648351648336,0.02033333333333333,122.65714285714284,0.8455637091394262,2.811057618287703
SC4111E0-PSG.edf,REM,1148,1.5218499883468661,6.66739135039328,1.318735378832604,1.4469463045179263,1,-48.72527472527471,0.023,206.95238095238093,0.8152101400933957,2.78160481257373
SC4111E0-PSG.edf,REM,1149,0.9732835910044918,6.909044989651476,1.070144272055586,1.152516868218511,1,-40.6153846153846,0.027,115.08571428571429,0.8575717144763175,2.808642946335472
ST7011J0-PSG.edf,Wake,0,17.6278992680023,23.768758403883353,8.321066025937455,35.297260839028894,1,-2812.4885552096684,0.013666666666666667,5625.343343709943,0.2141427618412275,85.31480714497631
ST7011J0-PSG.edf,Wake,1,3.7781179654350803,46.98783206479419,2.4372283562940984,5.880988095625086,0,-376.3047060977843,0.03766666666666667,929.8663248489288,0.6454302868579053,129.72660319077193
ST7011J0-PSG.edf,Wake,2,2.0735855274875052,21.635811873493733,1.8424012559642904,2.810029887673288,0,-118.84270280168467,0.04466666666666667,648.2329243728254,0.6154102735156771,206.8785725098264
ST7011J0-PSG.edf,Wake,3,1.9765691442875974,18.645350913592534,1.9569451199193746,3.1722958135405666,1,-107.12323750228896,0.047,668.0095220655558,0.5987324883255504,116.50971563800493
ST7011J0-PSG.edf,Wake,4,1.9512906126638443,7.412447784533116,2.396013401046704,2.769606396057444,1,-156.93096502472073,0.018666666666666668,321.18659586156383,0.609739826551034,133.01752500630883
ST7011J0-PSG.edf,Wake,5,1.9541767661148264,4.1428242879798605,1.8674882473541423,2.4869677399043577,0,-28.383080021973996,0.023,78.00769089910273,0.6087391594396264,17.699606957229328
ST7011J0-PSG.edf,Wake,6,1.6387500614307193,4.728734203280631,1.7881769086060226,2.4430277209657283,0,-31.312946346822926,0.010333333333333333,98.15052188243911,0.5990660440293529,14.895496295709027
ST7011J0-PSG.edf,Wake,7,1.7707139475641207,3.743931487802061,1.8771524694227184,2.511669600277925,0,-34.975279252884086,0.012666666666666666,83.86742354880059,0.5687124749833222,17.346766519706055
ST7011J0-PSG.edf,Wake,8,1.8068377571691523,12.037874739324822,1.7537753214565213,2.6154236038519416,0,-90.27650613440761,0.056,337.66709393883906,0.5810540360240161,5.912446771658978
ST7011J0-PSG.edf,Wake,9,1.8855732038278021,5.566036308517733,1.6140068835986254,2.6378890731007947,1,-54.38564365500824,0.023666666666666666,117.56088628456327,0.6007338225483656,7.202652190855063
ST7011J0-PSG.edf,Wake,10,2.0563637497278604,14.510211389891692,1.701147792467164,2.9773265373104247,1,-138.61930049441494,0.042666666666666665,727.3393151437465,0.5967311541027351,25.41773548094388
ST7011J0-PSG.edf,Wake,11,1.8880317780118012,7.498700569151197,1.363044481285122,2.909014142028075,0,-46.32851126167368,0.02266666666666667,182.75041201245193,0.6541027351567712,10.219597629518882
ST7011J0-PSG.edf,N1,52,1.6642482960925653,5.399541415048738,1.4811632659867457,3.5075084956101983,1,-51.089544039553196,0.019333333333333334,334.37099432338397,0.576050700466978,7.839919135470216
ST7011J0-PSG.edf,N1,53,1.8150633851366325,5.514352533978825,1.6444116219489717,3.790837375345149,0,-49.62461087712873,0.02,490.3863761215894,0.5003335557038026,14.10857841554731
ST7011J0-PSG.edf,N1,54,1.9124191000770594,7.307724204514238,1.640760702648128,3.9517822510204597,1,-56.94927668925105,0.021333333333333333,276.87236769822374,0.5597064709806537,13.555065419370152
ST7011J0-PSG.edf,N1,74,1.8938049366413727,8.858102099619733,1.8941398637952174,2.624710587891191,1,-47.42721113349204,0.017666666666666667,229.9945065006409,0.6044029352901935,100.27780667292639
ST7011J0-PSG.edf,N1,75,1.7324883586411444,8.895136275342386,1.8495806216920407,2.942146301171156,1,-91.74143929683208,0.037,459.2565464200696,0.5703802535023349,30.250909708392566
ST7011J0-PSG.edf,N1,76,1.8067695779004467,8.597340709338576,1.6528133571475834,2.8322888277058613,1,-107.8557040835012,0.02266666666666667,564.3655008240249,0.5450300200133422,7.554307735989611
ST7011J0-PSG.edf,N1,77,1.942079672948616,12.936851164519629,1.4076330738631504,3.4705846055397362,1,-138.25306720380883,0.034333333333333334,482.3292437282549,0.5396931287525016,13.337185346358396
ST7011J0-PSG.edf,N1,82,2.319382563927638,16.34675316324816,2.215989526656211,3.3136871600824014,1,-145.21149972532504,0.041,595.1290972349386,0.5630420280186791,39.60299324163488
ST7011J0-PSG.edf,N1,92,2.158617693925108,12.879708681254376,1.8109126847236428,3.538095293176327,1,-96.86870536531771,0.035333333333333335,484.16041018128544,0.5403602401601068,30.452956210906688
ST7011J0-PSG.edf,N1,100,1.8020566852811795,4.853150835075689,1.8082653213273014,3.5031693436094202,1,-71.5986083134957,0.015333333333333332,302.87493133125804,0.5840560373582389,31.616742722256806
ST7011J0-PSG.edf,N1,101,2.627717236706647,13.675838983752062,2.1525179998815354,4.0021433849161765,1,-123.23750228895807,0.03833333333333333,337.3008606482329,0.5693795863909273,5.8833224732864275
ST7011J0-PSG.edf,N1,122,2.2511229910655226,13.993474945880182,2.684566825894396,3.8244607112921325,1,-173.04522981138985,0.04,625.5264603552463,0.585390260173449,63.007315027276256
ST7011J0-PSG.edf,N2,55,1.9784704861359064,10.992180887412937,1.3461095722979641,3.7185313913807767,1,-81.48690715986083,0.041666666666666664,470.24354513825307,0.5496997998665777,14.145106790082275
ST7011J0-PSG.edf,N2,56,1.9239439676005479,12.124098070724703,2.0067503481786773,3.922245258459414,1,-72.33107489470792,0.039,627.723860098883,0.5607071380920614,14.95085527723758
ST7011J0-PSG.edf,N2,57,1.8366955971965737,6.520461876958242,1.9193499702858514,2.9829075152913638,1,-63.90770921076726,0.03233333333333333,341.6956601355063,0.5873915943962642,19.4397674797581
ST7011J0-PSG.edf,N2,58,1.6836129495130798,6.815195397976964,1.423839087578805,3.767122503798289,0,-52.92071049258377,0.012333333333333333,731.3678813404138,0.5356904603068713,16.2478578346304
ST7011J0-PSG.edf,N2,59,1.9680126722697813,9.75831775874368,1.7527098001158332,3.596491398035563,1,-101.2635048525911,0.037,767.9912104010255,0.5353569046030687,19.666754985476672
ST7011J0-PSG.edf,N2,60,1.9593835402802167,13.323012042064605,1.539989000113956,3.5424309187563217,0,-97.23493865592383,0.028,443.14228163340044,0.5657104736490994,20.43139564707682
ST7011J0-PSG.edf,N2,61,2.5349338086890634,20.583668027427958,1.8750460923528207,4.064433468617791,1,-183.6659952389672,0.038,333.27229445156564,0.5557038025350234,21.620981745643267
ST7011J0-PSG.edf,N2,62,2.468797394551316,19.01462900447763,1.6730476976294988,3.6833738974618253,1,-156.56473173411462,0.03866666666666667,558.505768174327,0.5353569046030687,18.47064479399878
ST7011J0-PSG.edf,N2,63,2.5344272107858647,15.464679392714183,1.9975504018409111,3.8739680503471035,1,-122.50503570774583,0.042,313.4956967588354,0.5366911274182788,16.183591776874493
ST7011J0-PSG.edf,N2,64,1.8639196028343956,10.026920137936392,1.5067126618679716,3.4963672735018103,0,-69.401208569859,0.029666666666666668,594.7628639443326,0.5610406937958639,22.08559021168658
ST7011J0-PSG.edf,N2,65,2.648284386203154,15.621814029567256,1.8508063154846937,3.8533615938313237,1,-118.11023622047244,0.025666666666666667,331.80736128914117,0.5433622414943295,15.129504598607179
ST7011J0-PSG.edf,N2,66,2.3372502415072782,11.451138345083635,2.7107906627753064,3.242396360129151,1,-67.2038088262223,0.057,414.5760849661234,0.6067378252168112,84.79447761776963
ST7011J0-PSG.edf,N3,80,3.102157834448836,21.156681187872046,1.9257705080089684,3.483888424460376,1,-121.40633583592748,0.033,759.2016114264786,0.5156771180787192,9.850254956150142
ST7011J0-PSG.edf,N3,81,2.6328609417546818,21.3131660913184,1.739906498856922,3.7808693365686206,1,-144.4790331441128,0.029333333333333333,409.4488188976378,0.5433622414943295,8.624660510685427
ST7011J0-PSG.edf,N3,88,3.4953918141742832,21.641213298131596,2.0068330969730135,4.014142476838353,1,-140.45046694744553,0.04466666666666667,421.1682841970335,0.45296864576384255,24.70566817395594
ST7011J0-PSG.edf,N3,89,3.0474436197840795,23.31513479126599,1.760046384892259,3.8592965239315173,1,-124.33620216077641,0.035666666666666666,428.1267167185497,0.4492995330220147,11.884500702064603
ST7011J0-PSG.edf,N3,90,2.9885016087370437,21.18956466939367,1.6276880634755362,3.7022391543282396,1,-159.49459805896356,0.045,325.94762863944334,0.4703135423615744,8.923685780979849
ST7011J0-PSG.edf,N3,120,2.3988757432845724,18.905935465805026,1.8176473378793396,3.2852887190218656,1,-125.80113532320088,0.03766666666666667,306.171030946713,0.4809873248832555,6.12058998016431
ST7011J0-PSG.edf,N3,148,3.089191875601482,23.41409035918517,1.8967253499322922,3.979061086588259,1,-156.56473173411462,0.03766666666666667,433.9864493682476,0.46330887258172115,4.842826571980555
ST7011J0-PSG.edf,N3,155,2.743695879878048,19.149070161537608,1.8481698481594193,3.2411106931330935,1,-160.2270646401758,0.03766666666666667,227.064640175792,0.4346230820547031,3.9420836048758128
ST7011J0-PSG.edf,N3,156,2.7890098315873613,14.289871935019805,1.870975535223135,3.331893002018135,0,-122.50503570774583,0.034333333333333334,197.39974363669657,0.4559706470980654,5.792509480246854
ST7011J0-PSG.edf,N3,209,2.8036199405714224,17.858304219192163,1.8370541570932342,3.147600787720659,1,-151.07123237502287,0.037,245.37630470609778,0.4506337558372248,6.677803192232801
ST7011J0-PSG.edf,N3,213,3.0586823807766446,16.74819411178368,1.5907537664317297,3.7005834045199397,1,-127.63230177623146,0.04033333333333333,153.45174876396266,0.46531020680453633,2.5319763969979645
ST7011J0-PSG.edf,N3,214,4.031852502390938,20.173615621401797,1.9624839974496577,4.216996550677604,1,-135.3232008789599,0.03966666666666667,292.9866324848929,0.433288859239493,3.0426765229150052
ST7011J0-PSG.edf,REM,158,2.0672744760370314,13.800014752938942,1.9675330184514135,2.941631568214689,1,-146.31019959714337,0.06066666666666667,584.5083318073613,0.5790527018012008,4.75812080222775
ST7011J0-PSG.edf,REM,159,1.8582230634929926,8.845530004987392,2.3962332208299215,2.688359877491976,1,-72.69730818531404,0.050333333333333334,477.2019776597693,0.6067378252168112,11.048310079554977
ST7011J0-PSG.edf,REM,160,1.5673507048969049,4.20343655007968,1.668737802931013,2.9987641240084417,0,-39.73631203076359,0.008666666666666666,240.9815052188244,0.6227484989993329,3.124279799177745
ST7011J0-PSG.edf,REM,161,2.096746769406275,5.114092184335725,2.178375670855957,3.3095583121386896,0,-48.159677714704266,0.03233333333333333,427.76048342794365,0.5680453635757171,4.626914729515773
ST7011J0-PSG.edf,REM,289,1.7425290146631285,9.270487718629406,1.8531903894927286,2.3858686069577146,0,-52.18824391137154,0.03233333333333333,674.2354880058597,0.4029352901934623,51.9033523761223
ST7011J0-PSG.edf,REM,290,1.4714875389122735,5.64270858977933,1.632818675704344,2.170097648691746,1,-60.2453763047061,0.026,196.66727705548436,0.461974649766511,5.186265132513599
ST7011J0-PSG.edf,REM,291,1.6810064943923142,13.487428589396677,1.5206432645306143,2.1521371624325796,1,-124.33620216077641,0.041,511.261673686138,0.4402935290193462,5.731194114179439
ST7011J0-PSG.edf,REM,292,1.9262972912496956,7.18387236160262,1.625614324979992,2.4571386947261105,0,-49.99084416773485,0.027333333333333334,456.32668009522064,0.41861240827218144,4.200372809024719
ST7011J0-PSG.edf,REM,293,1.5258185198237475,7.630072354206532,1.617415122105302,2.2847117079306494,0,-74.16224134773852,0.017333333333333333,447.53708112067386,0.44496330887258173,2.110364057146159
ST7011J0-PSG.edf,REM,294,1.752088913315486,5.975495976637729,2.072617910659672,2.6189586440280133,0,-71.5986083134957,0.014666666666666666,527.3759384728071,0.48632421614409604,4.648499387138736
ST7011J0-PSG.edf,REM,295,1.58432434678464,6.757581523552645,1.9814722506533258,2.5041465152038547,1,-62.076542757736675,0.027333333333333334,368.06445705914666,0.4933288859239493,3.5070415259597882
ST7011J0-PSG.edf,REM,296,2.4532213865748513,24.32471295196952,3.736411380141125,3.937986024881036,1,-593.114814136605,0.054,710.8588170664714,0.5620413609072715,13.723024155279413
ST7012J0-PSG.edf,Wake,0,33.326987892495524,47.6067243063569,33.06969515333105,46.1949179825567,1,-2324.2995788317157,0.023666666666666666,5531.587621314777,0.4122748498999333,121.4420450509119
ST7012J0-PSG.edf,Wake,1,3.179262180862262,16.26413305899497,2.3221880954277827,5.692496386779467,1,-108.58817066471342,0.03133333333333333,898.0040285661967,0.6507671781187458,29.042814114196023
ST7012J0-PSG.edf,Wake,2,2.668398699193503,20.616640317867336,2.840910417245324,4.609555865255782,0,-91.37520600622597,0.03166666666666667,804.2483061710309,0.6504336224149433,63.214340000680004
ST7012J0-PSG.edf,Wake,3,3.206787605777122,39.78633943694658,2.6768438206656553,5.664249569174511,0,-340.41384361838493,0.03133333333333333,899.468961728621,0.6394262841894597,54.9517254626809
ST7012J0-PSG.edf,Wake,4,2.3543789301857467,33.40157571572641,1.9965426212033937,4.595557739186032,0,-137.5206006225966,0.03766666666666667,1148.141366050174,0.6130753835890593,51.4162732677633
ST7012J0-PSG.edf,Wake,5,1.7113965869341334,17.809557524741166,1.302535331389792,2.422624765375125,0,-114.08167002380516,0.029666666666666668,406.1527192821827,0.6180787191460974,10.896717520812988
ST7012J0-PSG.edf,Wake,6,1.669074626675858,9.569453615548483,1.599941274693711,2.414223857396337,0,-39.00384544955136,0.017,260.0256363303424,0.5780520346897932,4.238982247799841
ST7012J0-PSG.edf,Wake,7,1.5986963769853801,7.699332624862133,1.343279423439954,2.465929454877141,0,-40.46877861197583,0.024,88.99468961728621,0.6100733822548365,3.4264512136569274
ST7012J0-PSG.edf,Wake,8,1.6669363834584896,6.878151666283243,1.3929245520903346,2.500123070084465,0,-50.72331074894708,0.023,185.31404504669476,0.6187458305537025,2.4643808825479203
ST7012J0-PSG.edf,Wake,9,1.6261393163370919,6.545324643701043,1.380905327745924,2.434258835799624,0,-54.01941036440213,0.027,170.29848013184397,0.633422281521014,2.475440861792103
ST7012J0-PSG.edf,Wake,10,1.6971054145045241,15.243087097398385,2.141336996445783,2.6919022694176227,1,-83.31807361289141,0.033666666666666664,437.2825489837026,0.580386924616411,14.85086304502464
ST7012J0-PSG.edf,Wake,11,1.5920019082769965,6.004337076988219,1.3390267932644275,2.3337095976546474,0,-37.905145577733016,0.024,182.0179454312397,0.5820547031354236,2.736557623324164
ST7012J0-PSG.edf,N1,22,1.5977185662283424,3.8981588960365903,1.217678566688096,3.1623974532385812,0,-35.70774583409632,0.021333333333333333,236.95293902215712,0.6014009339559706,4.013956963378212
ST7012J0-PSG.edf,N1,23,1.5614918004293068,4.422334933845547,1.1480859298333268,2.6995371369676624,0,-34.24281267167186,0.028,224.86724043215528,0.6124082721814543,3.1753081031130317
ST7012J0-PSG.edf,N1,24,1.3058568550945968,3.328984272215251,0.9961989635127243,2.8115481422956186,1,-45.59604468046145,0.022333333333333334,309.4671305621681,0.5957304869913276,3.432122477168319
ST7012J0-PSG.edf,N1,25,1.4468593999811539,2.8349088383334466,1.0486294865343553,2.9189148169381416,0,-31.312946346822926,0.01,180.91924555942134,0.5733822548365577,3.3374551288791854
ST7012J0-PSG.edf,N1,26,1.6431898337608077,4.154202568433583,1.0666390587502455,3.753856224835139,0,-38.271378868339134,0.014,258.1944698773118,0.6030687124749833,3.923564886412834
ST7012J0-PSG.edf,N1,27,1.250527973484091,3.959934486182446,0.9382240706869637,3.299667385209473,0,-61.710309467130564,0.016,294.81779893792344,0.5643762508338893,4.436111753811161
ST7012J0-PSG.edf,N1,28,1.2695142557499624,5.082487159710234,0.980511241183571,3.1914832700064504,0,-42.66617835561252,0.013333333333333334,336.5683940670207,0.5947298198799199,4.435375969059256
ST7012J0-PSG.edf,N1,29,1.5009377101544683,5.172321295178116,1.0579600484967182,3.517850076693757,0,-36.44021241530855,0.024333333333333332,404.6877861197583,0.5693795863909273,4.263706361603299
ST7012J0-PSG.edf,N1,32,1.3316516399360736,4.320770478296174,1.0658372327605659,2.888682390243875,1,-44.13111151803699,0.019,311.66453030580476,0.5933955970647098,3.9266289394563794
ST7012J0-PSG.edf,N1,99,2.175891710518081,4.621538296570186,1.3846731975223963,4.040077571589931,0,-89.17780626258927,0.019,462.91887932613076,0.5757171447631755,9.03111789704337
ST7012J0-PSG.edf,N1,107,2.0022824233838166,9.64306999162455,1.9783038442450707,3.4675141107894185,0,-111.15180369895623,0.04133333333333333,535.4330708661416,0.6117411607738492,77.58991504634902
ST7012J0-PSG.edf,N1,172,2.727246446134062,5.274790479628782,1.7596133164088457,3.6257955754191915,1,-130.56216810108037,0.021666666666666667,529.93957150705,0.6127418278852569,25.381707424214692
ST7012J0-PSG.edf,N2,30,2.0603526645101793,10.043753278486312,1.233923839165769,3.480446185066876,1,-96.50247207471159,0.043333333333333335,211.68284197033512,0.5653769179452969,4.55718433274522
ST7012J0-PSG.edf,N2,31,2.0677847627816126,8.951163247405143,1.418184605297502,3.3069238607188396,1,-75.62717451016297,0.033,252.7009705182201,0.5627084723148766,12.300478155433991
ST7012J0-PSG.edf,N2,33,2.1813897267509503,7.553443642637099,1.3273750796734076,4.004801669045654,1,-60.61160959531221,0.03166666666666667,332.5398278703534,0.5466977985323549,5.8947710295551
ST7012J0-PSG.edf,N2,34,2.0969693881367313,9.704123247341593,1.1940057095686447,4.124122048448367,1,-96.50247207471159,0.031,568.3940670206921,0.5253502334889927,6.562828356087238
ST7012J0-PSG.edf,N2,35,2.3176734571161934,14.811511459493381,1.5222520441973955,3.60442397421142,1,-123.96996887017029,0.035,383.44625526460356,0.5560373582388258,4.932352584556561
ST7012J0-PSG.edf,N2,36,2.4918343882060623,16.136433585928117,1.3476520159474479,3.9543797457042262,1,-141.18293352865774,0.033,436.18384911188423,0.5456971314209473,11.095841270682497
ST7012J0-PSG.edf,N2,37,1.740491166489667,10.556745202771602,1.2450858955232753,3.2913513699783414,1,-76.35964109137521,0.025333333333333333,317.8904962461088,0.54736490993996,11.950894301882116
ST7012J0-PSG.edf,N2,38,2.8026697822642936,14.521953355421932,1.1054966072380747,3.7243425203715756,1,-101.2635048525911,0.032,509.7967405237136,0.5210140093395597,4.252408528920775
ST7012J0-PSG.edf,N2,39,2.940408814889753,14.234729193727427,1.4812374487199462,4.189030696872535,1,-123.23750228895807,0.026,468.77861197582854,0.5053368912608406,5.360217599290831
ST7012J0-PSG.edf,N2,40,3.0050586601320273,17.06516626924083,1.7001927225484106,3.6222149233574483,1,-163.1569309650247,0.04,296.2827321003479,0.5176784523015343,6.905927322114543
ST7012J0-PSG.edf,N2,41,2.5414320351120154,18.053113789355592,1.3734489679425714,3.869810224105533,1,-117.37776963926021,0.041,357.8099249221754,0.5210140093395597,6.652978272363962
ST7012J0-PSG.edf,N2,42,2.6518871624437033,14.5243246624118,2.0498803709609925,3.9114152231656307,1,-128.7310016480498,0.051333333333333335,331.4411279985351,0.5353569046030687,11.534058015306888
ST7012J0-PSG.edf,N3,61,4.271765332639574,18.995256995274943,2.035324152356258,3.5787372138479787,1,-123.96996887017029,0.04033333333333333,175.42574620032963,0.40260173448965975,2.3829754553007274
ST7012J0-PSG.edf,N3,63,3.520206020298804,16.939143956960404,2.0031005676715354,2.9381608471961744,1,-111.51803698956235,0.025333333333333333,283.0983336385277,0.39693128752501666,2.0668237664361855
ST7012J0-PSG.edf,N3,64,3.6141566799829556,19.844040500009196,2.1881336617272535,2.9051742261313342,1,-133.85826771653544,0.027333333333333334,207.2880424830617,0.3972648432288192,2.2945619006378557
ST7012J0-PSG.edf,N3,65,4.41842524796686,20.143051525473062,2.1801876014970967,5.805786715893837,1,-148.14136605017396,0.026,243.1789049624611,0.4132755170113409,3.7419532882567768
ST7012J0-PSG.edf,N3,71,4.564224542170187,19.486638532004783,2.23784872360905,3.374664736000998,1,-103.09467130562167,0.02033333333333333,135.87255081486907,0.3609072715143429,1.7863026402867166
ST7012J0-PSG.edf,N3,73,3.4353513596951393,22.107408109800197,2.0247862849221163,2.5987328032060955,1,-138.25306720380883,0.024,157.1140816700238,0.3709139426284189,1.6307322936699304
ST7012J0-PSG.edf,N3,74,3.8146867767710217,19.59102900884363,1.9949275423006916,2.6424661186817295,1,-90.27650613440761,0.02033333333333333,123.05438564365501,0.37158105403602404,1.5469906904994597
ST7012J0-PSG.edf,N3,75,3.0548534014804285,18.269593997416,1.974254661040126,2.2921616538670873,1,-102.36220472440945,0.028333333333333332,131.84398461820177,0.37658438959306206,1.768872672184415
ST7012J0-PSG.edf,N3,77,3.821489767519641,21.858637310397928,2.115122539017728,2.6167991245326974,1,-89.54403955319539,0.020666666666666667,155.64914850759934,0.36991327551701136,1.7608167547741642
ST7012J0-PSG.edf,N3,78,3.791397117548771,20.62339608380474,2.056421034856572,2.700760280161911,1,-121.7725691265336,0.029,181.28547885002746,0.3742494996664443,1.6380088431556987
ST7012J0-PSG.edf,N3,79,2.7925144235822383,17.56314770111923,1.9077764671241426,2.1484395595068837,1,-91.37520600622597,0.025666666666666667,157.48031496062993,0.40126751167444963,1.8881211670326215
ST7012J0-PSG.edf,N3,80,4.184007095782731,20.114848963537387,1.8171180280765735,2.7208913789835703,1,-151.437465665629,0.025666666666666667,186.7789782091192,0.36991327551701136,1.95402993413622
ST7012J0-PSG.edf,REM,197,4.398368727982355,6.449781142734017,1.4179299609244436,3.882213837036029,1,-60.97784288591833,0.019,405.7864859915766,0.395263509006004,6.082068061037662
ST7012J0-PSG.edf,REM,198,2.8619557381275085,5.9915926532039325,1.1189916978008903,3.2607921497541486,1,-58.0479765610694,0.025333333333333333,329.2437282548984,0.46330887258172115,3.9958944393735676
ST7012J0-PSG.edf,REM,199,2.209361914480101,6.513950567398839,1.1497251320226753,2.9746256593427924,0,-55.8505768174327,0.028,368.4306903497528,0.4573048699132755,1.9347842815631187
ST7012J0-PSG.edf,REM,200,2.1860896207151925,5.006597984763136,1.3810188239094778,2.910728422765595,1,-54.38564365500824,0.01,318.2567295367149,0.46430953969312877,2.0184959246506624
ST7012J0-PSG.edf,REM,201,1.1236582527824355,5.3479479603733395,0.8470029488298969,2.435005426259421,1,-70.13367515107123,0.017,390.03845449551363,0.48599066044029354,2.516798233867016
ST7012J0-PSG.edf,REM,202,1.4607754851468768,4.839785888329992,0.9088881656276028,2.3944561673734386,0,-59.87914301409998,0.014333333333333333,363.66965757187324,0.4706470980653769,1.9500676116220457
ST7012J0-PSG.edf,REM,203,2.6444122684349645,5.39460456850301,1.1351874902101857,3.046225879363352,0,-66.10510895440396,0.013666666666666667,192.63871085881706,0.4276184122748499,2.130458095183884
ST7012J0-PSG.edf,REM,204,2.2436997283155886,6.446373929271048,1.3188659938374288,3.237415468845118,1,-97.96740523713605,0.024,284.5632668009522,0.43929286190793865,1.747435622788878
ST7012J0-PSG.edf,REM,205,1.5704413989409407,5.356512369842969,1.150861882182599,2.749392981922083,1,-59.14667643288775,0.031,280.16846731367883,0.4836557705136758,2.700259683804795
ST7012J0-PSG.edf,REM,206,1.6555568242524898,5.472668554471252,0.9037482518762339,2.4431908374184816,0,-59.87914301409998,0.019333333333333334,265.1529023988281,0.47931954636424284,1.6119535464487547
ST7012J0-PSG.edf,REM,207,2.11635140662337,5.103785398923772,1.4353357502507922,3.0667686528738303,0,-49.25837758652261,0.021333333333333333,170.6647134224501,0.485657104736491,2.916774755514591
ST7012J0-PSG.edf,REM,208,1.3392219054762304,4.116038071308428,0.8693481270506999,2.389234235198426,0,-30.580479765610693,0.01,145.02838308002197,0.5073382254836558,2.5676932645450523
