file,cohort,channel,sf,n,mean,std,rms,min,max,p1,p99,nan,flat_frac
ST7011J0-PSG.edf,ST,EEG Fpz-Cz,100.0,3590000,-205.65836952734986,669.6487729855679,700.5175544679264,-2812.4885552096684,2986.0831349569676,-2353.232008789599,137.8868339132027,0,0.10095292744548034
ST7011J0-PSG.edf,ST,EEG Pz-Oz,100.0,3590000,-205.6685634626694,666.3826409627653,697.3990121682905,-2437.465665629006,2966.3065372642372,-2353.232008789599,104.19337117744003,0,0.10957133585330321
ST7011J0-PSG.edf,ST,EOG horizontal,100.0,3590000,-205.67903089978614,668.6683535492051,699.5864712743378,-2718.7328328145027,2906.6105108954403,-2353.232008789599,225.41659036806445,0,0.10205042353878423
ST7011J0-PSG.edf,ST,EMG submental,100.0,3590000,-205.6493300940219,665.1874449349507,696.2513797955502,-2999.633766709394,656.8394067020693,-2353.232008789599,60.61160959531221,0,0.1445937175312466
ST7011J0-PSG.edf,ST,Marker,10.0,359000,-0.813949860724234,9.073463917527148,9.10989911241832,-30.0,34.0,-30.0,2.0,0,0.9998328644251929
ST7012J0-PSG.edf,ST,EEG Fpz-Cz,100.0,3132000,0.24858107986434883,43.822791470065795,43.82349649197492,-2324.2995788317157,2625.3433437099434,-96.86870536531771,75.99340780076909,0,0.024189093834910073
ST7012J0-PSG.edf,ST,EEG Pz-Oz,100.0,3132000,0.18474060696970485,15.494701197507757,15.495802473312303,-2508.148690715986,2835.92748580846,-34.24281267167186,30.580479765610693,0,0.03665401230527556
ST7012J0-PSG.edf,ST,EOG horizontal,100.0,3132000,0.257884832024973,61.991907356675625,61.99244375168031,-2883.1715802966487,2648.4160410181285,-195.01922724775682,207.10492583775866,0,0.026903023317443542
ST7012J0-PSG.edf,ST,EMG submental,100.0,3132000,0.24256243564315216,20.57287533629751,20.574305240712814,-2062.4427760483427,2906.6105108954403,-38.271378868339134,33.14411279985351,0,0.10510569957119914
ST7012J0-PSG.edf,ST,Marker,10.0,313200,1.7097318007662836,3.0574799604251255,3.5030510328787314,-30.0,34.0,2.0,2.0,0,0.9997445640026821
ST7021J0-PSG.edf,ST,EEG Fpz-Cz,100.0,3060000,0.12112220582550301,35.44432427275692,35.444531224733225,-1195.5685771836659,2156.5647317341145,-94.67130562168101,89.54403955319539,0,0.10856898225157599
ST7021J0-PSG.edf,ST,EEG Pz-Oz,100.0,3060000,0.11883995006780085,55.03163033888312,55.03175865524574,-843.6183849111884,1463.2851126167368,-120.30763596410914,89.54403955319539,0,0.11082715956588093
ST7021J0-PSG.edf,ST,EOG horizontal,100.0,3060000,0.08324734032048997,68.8466376663173,68.84668799642331,-1758.1029115546603,2517.670756271745,-223.21919062442777,220.65555759018494,0,0.11660822420988304
ST7021J0-PSG.edf,ST,EMG submental,100.0,3060000,0.18094773037091288,10.11599187491893,10.11761007820287,-2601.904413111152,1804.6145394616372,-19.59348104742721,22.889580662882256,0,0.17611168663949883
ST7021J0-PSG.edf,ST,Marker,10.0,306000,-1.1781437908496732,9.577080658536216,9.649274414795453,-30.0,34.0,-30.0,2.0,0,0.9998692767737508
ST7022J0-PSG.edf,ST,EEG Fpz-Cz,100.0,3076000,-68.99204633208306,238.941060936697,248.70209701295775,-2883.1715802966487,2954.9533052554475,-847.2807178172495,127.99853506683758,0,0.09110237679576332
ST7022J0-PSG.edf,ST,EEG Pz-Oz,100.0,3076000,-68.96897982597484,239.12746696772768,248.8747991192307,-2601.904413111152,2086.2479399377403,-847.2807178172495,95.77000549349935,0,0.09366415365459575
ST7022J0-PSG.edf,ST,EOG horizontal,100.0,3076000,-68.87710872866323,256.31611949336644,265.40913552279596,-2921.9923091008973,2719.0990661051087,-847.2807178172495,338.94891045596046,0,0.09719472430014402
ST7022J0-PSG.edf,ST,EMG submental,100.0,3076000,-68.9503972964458,237.07953261814006,246.90253557582886,-2883.1715802966487,2460.904596227797,-847.2807178172495,134.9569675883538,0,0.14065715428203604
ST7022J0-PSG.edf,ST,Marker,10.0,307600,-0.6156566970091027,8.776055280435738,8.797623511712475,-30.0,34.0,-30.0,2.0,0,0.999869956760623
ST7041J0-PSG.edf,ST,EEG Fpz-Cz,100.0,3116000,-1.373249431903526,62.49774671309102,62.512831948456025,-1199.230910089727,1216.0776414576085,-151.8036989562351,155.09979857169017,0,0.029791494837916682
ST7041J0-PSG.edf,ST,EEG Pz-Oz,100.0,3116000,-0.7244504678877104,622.4982262531818,622.4986478032203,-4507.049990844168,4526.460355246292,-2922.3585423915033,2861.933711774404,0,0.03077673548374674
ST7041J0-PSG.edf,ST,EOG horizontal,100.0,3116000,-1.375794494700312,113.33827229120683,113.34662225424889,-1500.2746749679545,1300.3112982970151,-348.1047427211133,342.6112433620216,0,0.03730435591898562
ST7041J0-PSG.edf,ST,EMG submental,100.0,3116000,-1.505599984391598,96.57142347499847,96.58315931517515,-1887.0170298480132,2866.3248489287676,-280.717817249588,206.0062259659403,0,0.06955092923918241
ST7041J0-PSG.edf,ST,Marker,10.0,311600,0.3701668806161746,4.463438504571251,4.478761748920604,-31.0,33.0,-31.0,1.0,0,0.9998716261754228
ST7042J0-PSG.edf,ST,EEG Fpz-Cz,100.0,3471000,0.2218343940751452,54.79841566319068,54.798864675230405,-2675.5173045229812,2648.4160410181285,-157.66343160593297,162.05823109320636,0,0.01931437428514631
ST7042J0-PSG.edf,ST,EEG Pz-Oz,100.0,3471000,0.16423120473290317,50.11406260866604,50.11433171293324,-2882.4391137154366,2906.6105108954403,-117.37776963926021,125.06866874198865,0,0.023843341525040408
ST7042J0-PSG.edf,ST,EOG horizontal,100.0,3471000,0.20144519180584936,140.15269964333115,140.15284441451445,-2319.5385460538364,2947.2624061527194,-456.51345907342966,429.77476652627723,0,0.02753393124151899
ST7042J0-PSG.edf,ST,EMG submental,100.0,3471000,0.16190212560387982,15.766584099073793,15.767415338331192,-2601.1719465299398,2941.4026735030216,-32.781541842153366,38.637612158945245,0,0.09471937401144918
ST7042J0-PSG.edf,ST,Marker,10.0,347100,0.7415845577643331,2.8957599063136477,2.9892094425329496,-31.0,33.0,1.0,1.0,0,0.9997695122302572
ST7051J0-PSG.edf,ST,EEG Fpz-Cz,100.0,3220000,-0.5842764219689923,48.83269890611773,48.83619417392003,-2718.7328328145027,637.0628090093389,-154.00109869987182,123.96996887017029,0,0.044773430973388116
ST7051J0-PSG.edf,ST,EEG Pz-Oz,100.0,3220000,-0.4674683611970137,39.554082795114915,39.55684507681982,-2449.1851309284016,2531.9538546053836,-100.89727156198498,68.30617103095013,0,0.054329361271308295
ST7051J0-PSG.edf,ST,EOG horizontal,100.0,3220000,-0.618333843254426,174.67196135937735,174.6730557981783,-3012.451931880608,2742.1717634132942,-565.2847463834461,565.6509796740557,0,0.05053121282985351
ST7051J0-PSG.edf,ST,EMG submental,100.0,3220000,-0.586142505695382,28.78755482523537,28.79352142154403,-2812.4885552096684,2531.5876213147776,-57.31550997985717,35.70774583409632,0,0.10458107012754699
ST7051J0-PSG.edf,ST,Marker,10.0,322000,0.9282981366459627,5.773796168625007,5.847944906317876,-30.0,34.0,-30.0,2.0,0,0.9996894313487996
ST7052J0-PSG.edf,ST,EEG Fpz-Cz,100.0,3283000,116.90260096473403,481.08704080489184,495.08681960109556,-2812.4885552096684,2625.3433437099434,-170.48159677714705,2047.060977842886,0,0.07106022254103729
ST7052J0-PSG.edf,ST,EEG Pz-Oz,100.0,3283000,116.90315896014057,479.68572878795936,493.725376072261,-2906.244277604834,2929.3169749130197,-97.60117194652994,2047.060977842886,0,0.07769746481104116
ST7052J0-PSG.edf,ST,EOG horizontal,100.0,3283000,116.92735713039086,517.7077992885294,530.7479366796167,-2756.4548617469327,2929.683208203626,-623.5121772569127,2047.060977842886,0,0.07550738808220556
ST7052J0-PSG.edf,ST,EMG submental,100.0,3283000,116.94079888499078,478.93103825272885,493.0011053189401,-2976.9273026918145,2742.1717634132942,-46.6947445522798,2047.060977842886,0,0.1459736398831553
ST7052J0-PSG.edf,ST,Marker,10.0,328300,0.043155650319829424,7.67029639311865,7.6704177962118525,-30.0,34.0,-30.0,2.0,0,0.9998172347619483
ST7061J0-PSG.edf,ST,EEG Fpz-Cz,100.0,3257000,-8.234618131516422,186.46600969295315,186.64774766008932,-2917.96374290423,2996.703900384545,-156.19849844350853,129.82970151986817,0,0.039468957534410605
ST7061J0-PSG.edf,ST,EEG Pz-Oz,100.0,3257000,-8.170678881489572,325.5675934934073,325.67010597608254,-3597.3264969785755,3411.6462186412746,-1101.084050540194,544.7756821095071,0,0.045950402058342214
ST7061J0-PSG.edf,ST,EOG horizontal,100.0,3257000,-8.220110143228476,198.32725599321373,198.49753318508658,-2917.96374290423,2988.280534700604,-323.56711225050356,271.195751693829,0,0.047850929846269104
ST7061J0-PSG.edf,ST,EMG submental,100.0,3257000,-8.190678570016981,192.4811306674557,192.65532143820866,-2917.96374290423,2964.8416041018127,-233.83995605200514,184.76469511078557,0,0.1120113970260885
ST7061J0-PSG.edf,ST,Marker,10.0,325700,0.13382867669634632,5.202071655669102,5.20379281153873,-31.0,33.0,-31.0,1.0,0,0.9998157757376647
ST7062J0-PSG.edf,ST,EEG Fpz-Cz,100.0,3278000,-12.110050534160981,184.79008157974252,185.18646703846326,-3269.181468595495,3107.672587438198,-165.3579930415674,112.98297015198682,0,0.06338945512341404
ST7062J0-PSG.edf,ST,EEG Pz-Oz,100.0,3278000,-10.435930681132481,174.9178968829842,175.22893396681852,-2753.1587621314775,2929.3169749130197,-271.56198498443507,172.67899652078373,0,0.06848404052483381
ST7062J0-PSG.edf,ST,EOG horizontal,100.0,3278000,-10.69700965714062,238.0226980737168,238.26294469324588,-3110.236220472441,4058.7804431422815,-478.48745650979663,413.294268449002,0,0.07047306428634621
ST7062J0-PSG.edf,ST,EMG submental,100.0,3278000,-9.76324146180935,209.418635892002,209.64609689357084,-4222.120490752609,3250.1373374839773,-51.089544039553196,28.749313312580114,0,0.1662329659333921
ST7062J0-PSG.edf,ST,Marker,10.0,327800,-0.5902379499694936,6.958985737427213,6.983971887923059,-31.0,33.0,-31.0,1.0,0,0.9998169559779126
ST7071J0-PSG.edf,ST,EEG Fpz-Cz,100.0,2746000,6.062626292802843,210.0326848369016,210.1201659464493,-2156.1984984435085,2611.792711957517,-135.689434169566,238.23475553927852,0,0.12102374735523436
ST7071J0-PSG.edf,ST,EEG Pz-Oz,100.0,2746000,6.039536657538394,212.3831378449455,212.4689936058973,-1851.858633949826,2741.805530122688,-143.01409998168833,383.9956052005127,0,0.12515704718516818
ST7071J0-PSG.edf,ST,EOG horizontal,100.0,2746000,6.060875014820713,234.14994501719414,234.22837351076893,-2767.8080937557224,2611.792711957517,-340.78373924189697,479.94872733931516,0,0.12305215969468207
ST7071J0-PSG.edf,ST,EMG submental,100.0,2746000,6.019087076165986,204.75689291919522,204.8453431424624,-2789.4158579014834,2611.792711957517,-94.3050723310749,82.95184032228529,0,0.1749897122713484
ST7071J0-PSG.edf,ST,Marker,10.0,274600,-1.5224471959213401,10.021105120443341,10.136093591682375,-30.0,34.0,-30.0,2.0,0,0.9997814924068611
ST7072J0-PSG.edf,ST,EEG Fpz-Cz,100.0,2746000,-7.225538090196081,96.9606339391439,97.22948593185887,-2156.1984984435085,649.5147408899469,-193.55429408533234,130.56216810108037,0,0.019847122531400332
ST7072J0-PSG.edf,ST,EEG Pz-Oz,100.0,2746000,-7.336281649138101,111.17411866915496,111.41591309278414,-1035.5246291887931,2063.175242629555,-349.57333821644374,119.5751693828969,0,0.025229516494961746
ST7072J0-PSG.edf,ST,EOG horizontal,100.0,2746000,-7.102820996610672,141.35696192419812,141.5352986026775,-2438.564365500824,1125.2517853872916,-554.6603186229628,366.050173960813,0,0.027858805021139917
ST7072J0-PSG.edf,ST,EMG submental,100.0,2746000,-7.195894266075017,93.14442429560759,93.4219710327753,-1472.4409448818897,2930.049441494232,-172.67899652078373,67.2038088262223,0,0.08072498443184425
ST7072J0-PSG.edf,ST,Marker,10.0,274600,1.7886088856518572,3.1197612570163886,3.596113464090539,-30.0,34.0,2.0,2.0,0,0.9997086565424815
ST7081J0-PSG.edf,ST,EEG Fpz-Cz,100.0,2900000,1.0627655664934426,58.59013333031247,58.59977128208879,-2906.244277604834,1952.939022157114,-127.26606848562534,126.5336019044131,0,0.014558670891968594
ST7081J0-PSG.edf,ST,EEG Pz-Oz,100.0,2900000,1.052361257569349,51.10629272670229,51.117126488915794,-2907.709210767259,2847.2807178172498,-69.03497527925288,85.5154733565281,0,0.022551801902765182
ST7081J0-PSG.edf,ST,EOG horizontal,100.0,2900000,1.0579564182384182,101.81262553855133,101.81812211407248,-2117.7440029298664,1952.939022157114,-317.7073796008057,328.32814502838306,0,0.021086279607860716
ST7081J0-PSG.edf,ST,EMG submental,100.0,2900000,1.0322080710240031,42.62967157130587,42.64216635889044,-2800.0366233290606,1952.939022157114,-23.988280534700603,23.25581395348837,0,0.10556932954941224
ST7081J0-PSG.edf,ST,Marker,10.0,290000,0.898151724137931,1.8315847757537433,2.039945908681117,-31.0,33.0,1.0,1.0,0,0.9998620642091106
ST7082J0-PSG.edf,ST,EEG Fpz-Cz,100.0,2853000,-0.2022091710695215,45.46161248112239,45.462062183018126,-2976.9273026918145,2517.670756271745,-137.8868339132027,108.95440395531953,0,0.03397137739704661
ST7082J0-PSG.edf,ST,EEG Pz-Oz,100.0,2853000,-0.18511468987658902,48.99837401938274,48.99872369757938,-1596.227797106757,2588.3537813587254,-120.67386925471526,152.53616553744735,0,0.03965664092758825
ST7082J0-PSG.edf,ST,EOG horizontal,100.0,2853000,-0.3598444259466467,112.93615775517287,112.93673103340728,-2094.305072331075,2085.515473356528,-360.1904413111152,356.8980040285696,0,0.03795316492521881
ST7082J0-PSG.edf,ST,EMG submental,100.0,2853000,-0.08192765794965941,31.990146739530655,31.990251648867066,-2652.0783739241897,2718.7328328145027,-86.61417322834646,89.9102728438015,0,0.09747668235780707
ST7082J0-PSG.edf,ST,Marker,10.0,285300,0.24424815983175605,4.873324102358225,4.879441051002337,-31.0,33.0,-31.0,1.0,0,0.9998247397385117
ST7091J0-PSG.edf,ST,EEG Fpz-Cz,100.0,2986000,0.16326044767543038,26.891003874868833,26.891499463064253,-2601.904413111152,2460.904596227797,-83.68430690349753,60.61160959531221,0,0.06755548411079743
ST7091J0-PSG.edf,ST,EEG Pz-Oz,100.0,2986000,0.1799553381813659,38.42895145138248,38.42937279707343,-1195.5685771836659,2179.6374290423,-93.20637245925654,103.46090459622779,0,0.0759245677313052
ST7091J0-PSG.edf,ST,EOG horizontal,100.0,2986000,0.2191640093493739,60.597039376237724,60.59743570505524,-2789.4158579014834,1710.8588170664714,-190.62442776048343,192.8218275041201,0,0.07327218108567007
ST7091J0-PSG.edf,ST,EMG submental,100.0,2986000,0.28027406907630825,23.953101328547916,23.954741009025366,-1593.6641640725143,2460.904596227797,-48.892144295916495,68.66874198864677,0,0.13075395429991393
ST7091J0-PSG.edf,ST,Marker,10.0,298600,0.31694574681848625,7.147982318162745,7.155005648299208,-30.0,34.0,-30.0,2.0,0,0.9998660370407583
ST7092J0-PSG.edf,ST,EEG Fpz-Cz,100.0,2887000,-3.7217218140383532,51.16433514602055,51.2995166078142,-1826.588536898004,1406.5189525727887,-117.01519868156007,137.5206006225966,0,0.0549430375581488
ST7092J0-PSG.edf,ST,EEG Pz-Oz,100.0,2887000,-3.6884478641159033,36.12929030004161,36.317079525079976,-2249.587987548068,700.421168284197,-94.3050723310749,98.69987181834829,0,0.06537604910304504
ST7092J0-PSG.edf,ST,EOG horizontal,100.0,2887000,-3.6678430235570953,100.9965618288906,101.06314151906413,-2625.3433437099434,2477.3850943050725,-295.7370444973447,303.4242812671672,0,0.05916889216796733
ST7092J0-PSG.edf,ST,EMG submental,100.0,2887000,-3.6479719181395636,50.25253453027862,50.38476878812067,-1312.396996887017,1959.164988097418,-117.01153634865409,121.7725691265336,0,0.07649835988347725
ST7092J0-PSG.edf,ST,Marker,10.0,288700,0.6803186698995497,6.365266626502903,6.401519563282265,-30.0,34.0,-30.0,2.0,0,0.9999307215352108
ST7101J0-PSG.edf,ST,EEG Fpz-Cz,100.0,3296000,-8.361186804756763,61.16881699871176,61.73761914591403,-2977.293535982421,2648.4160410181285,-188.42702801684672,141.18293352865774,0,0.053310234557750476
ST7101J0-PSG.edf,ST,EEG Pz-Oz,100.0,3296000,-8.442273255369491,69.1188811539816,69.63254777542296,-2320.2710126350485,2289.141182933529,-188.42702801684672,76.72587438198133,0,0.05817978816683303
ST7101J0-PSG.edf,ST,EOG horizontal,100.0,3296000,-8.293113636323227,117.29522163671683,117.5880298014705,-2977.293535982421,2273.0269181468593,-344.07617652444605,324.66581212232194,0,0.061292661688900754
ST7101J0-PSG.edf,ST,EMG submental,100.0,3296000,-8.354005476609956,39.96313550600404,40.82697156261373,-2719.831532686321,2648.4160410181285,-188.42702801684672,16.297381431972166,0,0.12553436145133937
ST7101J0-PSG.edf,ST,Marker,10.0,329600,0.546504854368932,6.675849272722713,6.698181176107523,-30.0,34.0,-30.0,2.0,0,0.999848296368215
ST7102J0-PSG.edf,ST,EEG Fpz-Cz,100.0,2982000,-0.6323012849728532,66.92863508796557,66.93162182147564,-3000.0,2531.5876213147776,-115.54660318622963,155.09979857169017,0,0.017843788879238362
ST7102J0-PSG.edf,ST,EEG Pz-Oz,100.0,2982000,-0.6356404925309657,55.16915779312765,55.17281948966142,-3000.0,1657.0225233473723,-114.44790331441128,89.9102728438015,0,0.024396460082025763
ST7102J0-PSG.edf,ST,EOG horizontal,100.0,2982000,-0.6081244839481862,107.18948462532103,107.19120966585787,-2596.777147042666,2367.1488738326316,-338.5826771653543,333.8216443874748,0,0.030962545146026647
ST7102J0-PSG.edf,ST,EMG submental,100.0,2982000,-0.614052133100133,12.607108619799755,12.622054023557109,-2906.244277604834,2812.8547885002745,-42.66617835561252,12.635048525911005,0,0.09147247308005728
ST7102J0-PSG.edf,ST,Marker,10.0,298200,1.7161636485580147,3.0049412086402194,3.4604753049279364,-30.0,34.0,2.0,2.0,0,0.9998658573392804
ST7111J0-PSG.edf,ST,EEG Fpz-Cz,100.0,3140000,16.782800564979,134.9905704514632,136.02983682124784,-3000.0,3002.1973997436367,-159.49459805896356,776.5976927302692,0,0.03164978232414753
ST7111J0-PSG.edf,ST,EEG Pz-Oz,100.0,3140000,16.916794129070407,116.33543686972537,117.55897156438216,-2718.7328328145027,2906.6105108954403,-85.14924006592199,776.5976927302692,0,0.037324959633629404
ST7111J0-PSG.edf,ST,EOG horizontal,100.0,3140000,17.013521822955358,148.0172580885356,148.9918407728032,-2414.0267350302142,2554.6603186229627,-318.0736128914118,776.5976927302692,0,0.03830585447724356
ST7111J0-PSG.edf,ST,EMG submental,100.0,3140000,16.690249913398652,113.24342195091624,114.46675088131477,-2718.7328328145027,2531.5876213147776,-18.128547885002746,776.5976927302692,0,0.13878388147732953
ST7111J0-PSG.edf,ST,Marker,10.0,314000,0.2840764331210191,4.7449350744135605,4.753431211267791,-31.0,33.0,-31.0,1.0,0,0.9998089111118188
ST7112J0-PSG.edf,ST,EEG Fpz-Cz,100.0,3067000,-62.98836430146073,332.4579359857818,338.3722997488117,-2531.2213880241716,2835.92748580846,-1788.5002746749678,117.01153634865409,0,0.0439844929393314
ST7112J0-PSG.edf,ST,EEG Pz-Oz,100.0,3067000,-62.95406351478755,331.7228805809177,337.6437229002277,-2812.4885552096684,2976.9273026918145,-1788.5002746749678,77.46200329610302,0,0.04934805786781176
ST7112J0-PSG.edf,ST,EOG horizontal,100.0,3067000,-63.0121390155656,350.2242194670767,355.8476268919608,-3000.0,2906.6105108954403,-1788.5002746749678,378.8683391320271,0,0.04946217627054539
ST7112J0-PSG.edf,ST,EMG submental,100.0,3067000,-62.98377713098187,330.50785667633625,336.45564270267613,-2812.4885552096684,2672.221204907526,-1788.5002746749678,31.312946346822926,0,0.15389029634918927
ST7112J0-PSG.edf,ST,Marker,10.0,306700,-0.13486794913596348,5.928015452597429,5.929549440719594,-31.0,33.0,-31.0,1.0,0,0.9998043627115328
ST7121J0-PSG.edf,ST,EEG Fpz-Cz,100.0,3120000,0.15493511097338242,45.499197331607846,45.499461125481496,-2812.4885552096684,2836.293719099066,-121.7725691265336,109.32063724592565,0,0.012852605296811849
ST7121J0-PSG.edf,ST,EEG Pz-Oz,100.0,3120000,0.1149851628564319,38.358901411676534,38.35907375183084,-3000.0,2437.831898919612,-81.48690715986083,80.02197399743636,0,0.020855836076397682
ST7121J0-PSG.edf,ST,EOG horizontal,100.0,3120000,0.258728912240174,97.08510780120243,97.08545255300157,-1338.0333272294451,2812.8547885002745,-297.93078190807546,291.33858267716533,0,0.02033019336600438
ST7121J0-PSG.edf,ST,EMG submental,100.0,3120000,0.20574375877433912,21.077889705601947,21.07889382619011,-2320.6372459256545,2367.1488738326316,-58.0479765610694,47.42721113349204,0,0.07144894695175305
ST7121J0-PSG.edf,ST,Marker,10.0,312000,1.873948717948718,2.0256074232850714,2.759487131836137,-30.0,34.0,2.0,2.0,0,0.9998717907625244
ST7122J0-PSG.edf,ST,EEG Fpz-Cz,100.0,3035000,0.1952801760091853,57.89560866285678,57.89593799904966,-1419.703351034609,1624.0615271928218,-151.8036989562351,151.437465665629,0,0.052043005084036524
ST7122J0-PSG.edf,ST,EEG Pz-Oz,100.0,3035000,0.1657151941866043,104.22794202045206,104.22807375819771,-2961.1792711957514,1209.1192089360923,-188.79326130745284,276.6892510529207,0,0.06033298297523221
ST7122J0-PSG.edf,ST,EOG horizontal,100.0,3035000,0.24660363874193128,102.32556468754255,102.32586184332438,-1720.3808826222303,2741.805530122688,-316.9749130195935,321.0071415491702,0,0.060224251150745145
ST7122J0-PSG.edf,ST,EMG submental,100.0,3035000,0.09471203172895605,70.11639997367628,70.11646394134195,-2695.6601355063176,2965.940303973631,-141.54916681926386,89.54403955319539,0,0.11301190448732945
ST7122J0-PSG.edf,ST,Marker,10.0,303500,0.6490411861614498,6.442054291593059,6.474667401277566,-30.0,34.0,-30.0,2.0,0,0.99986819994069
ST7131J0-PSG.edf,ST,EEG Fpz-Cz,100.0,2766000,0.1258558187465632,39.62689226071614,39.6270921205368,-2905.511811023622,1828.0534700604285,-105.65830433986449,111.15180369895623,0,0.07904583892204961
ST7131J0-PSG.edf,ST,EEG Pz-Oz,100.0,2766000,0.07598917082849871,35.6353497837916,35.635430803727616,-941.4026735030214,2529.0239882805345,-100.89727156198498,91.74143929683208,0,0.08503646072473146
ST7131J0-PSG.edf,ST,EOG horizontal,100.0,2766000,0.05429428394043175,39.138824941275736,39.13886260040135,-2905.878044314228,1952.939022157114,-129.09723493865593,124.70243545138253,0,0.08860480334346835
ST7131J0-PSG.edf,ST,EMG submental,100.0,2766000,0.13295989718986773,15.202058821628233,15.202640255906408,-2470.792895074162,2729.7198315326864,-17.0298480131844,26.551913568943416,0,0.1887389325341017
ST7131J0-PSG.edf,ST,Marker,10.0,276600,-1.1715112075198844,8.05367916182607,8.13843882762389,-31.0,33.0,-31.0,1.0,0,0.9998553816117719
ST7132J0-PSG.edf,ST,EEG Fpz-Cz,100.0,2698000,0.16954348029405622,45.08875518386417,45.089073942831725,-2724.2263321735945,2835.561252517854,-134.59073429774767,124.70243545138253,0,0.06313959651444223
ST7132J0-PSG.edf,ST,EEG Pz-Oz,100.0,2698000,0.19626222140716343,56.15898757926536,56.159330522965064,-2259.110053103827,2835.92748580846,-145.21149972532504,171.9465299395715,0,0.06904399200886586
ST7132J0-PSG.edf,ST,EOG horizontal,100.0,2698000,0.25078292885911535,117.77919058016137,117.77945757132439,-3002.5636330342427,2906.244277604834,-344.07617652444605,282.18275041201247,0,0.06939239952705532
ST7132J0-PSG.edf,ST,EMG submental,100.0,2698000,0.1908249194470011,9.447682666621176,9.449609617283468,-2918.696209485442,1054.5687603003114,-19.959714338033326,21.058414209851676,0,0.16995615254318955
ST7132J0-PSG.edf,ST,Marker,10.0,269800,-0.694885100074129,7.171611044386903,7.205197448666985,-31.0,33.0,-31.0,1.0,0,0.9998517365358242
ST7141J0-PSG.edf,ST,EEG Fpz-Cz,100.0,2761000,-171.10766734795442,663.3912091923137,685.1027151156961,-2729.7198315326864,1710.8588170664714,-2729.7198315326864,111.88427028016847,0,0.07349899854762242
ST7141J0-PSG.edf,ST,EEG Pz-Oz,100.0,2761000,-170.99045598167012,662.7369534754131,684.4399210585917,-2976.9273026918145,960.8130379051456,-2729.7198315326864,64.27394250137337,0,0.07897529509342663
ST7141J0-PSG.edf,ST,EOG horizontal,100.0,2761000,-171.30905268075549,669.7361436777975,691.2982667986271,-2981.6883354696943,2273.393151437466,-2729.7198315326864,280.35158395898185,0,0.08263702512504573
ST7141J0-PSG.edf,ST,EMG submental,100.0,2761000,-171.04285732003328,662.9039998907398,684.6147618269297,-2812.4885552096684,2531.5876213147776,-2729.7198315326864,67.2038088262223,0,0.15534645181619636
ST7141J0-PSG.edf,ST,Marker,10.0,276100,-0.03868163708801159,7.820215188381745,7.820310854540523,-30.0,34.0,-30.0,2.0,0,0.9997826795610127
ST7142J0-PSG.edf,ST,EEG Fpz-Cz,100.0,2751000,6.397287237728341,65.66457654823299,65.97546435805319,-2508.148690715986,2835.92748580846,-131.66086797289873,164.6218641274492,0,0.04966212163621096
ST7142J0-PSG.edf,ST,EEG Pz-Oz,100.0,2751000,6.321538983909633,45.744313523475284,46.17904367631594,-2906.244277604834,2719.0990661051087,-75.99340780076909,164.6218641274492,0,0.056732303643415645
ST7142J0-PSG.edf,ST,EOG horizontal,100.0,2751000,6.626432524977517,131.77169807427606,131.93820531364776,-3114.264786669108,3271.745101629738,-253.6165537447354,259.1100531038271,0,0.06442408005845168
ST7142J0-PSG.edf,ST,EMG submental,100.0,2751000,6.5955069126034385,58.558327068917635,58.928587124964494,-2976.9273026918145,2929.683208203626,-64.27394250137337,164.6218641274492,0,0.12676527359241582
ST7142J0-PSG.edf,ST,Marker,10.0,275100,0.7669938204289349,6.1821345019894896,6.229531805943766,-30.0,34.0,-30.0,2.0,0,0.9996364826056927
ST7151J0-PSG.edf,ST,EEG Fpz-Cz,100.0,3851000,-115.8765640698325,253.13916346042564,278.40045649760333,-2976.9273026918145,3000.0,-659.0368064457059,82.58560703167917,0,0.2478687298590752
ST7151J0-PSG.edf,ST,EEG Pz-Oz,100.0,3851000,-115.83457600793459,253.74463420201783,278.9336630549523,-2718.3665995238966,3000.0,-659.0368064457059,80.7544405786486,0,0.2526363350722801
ST7151J0-PSG.edf,ST,EOG horizontal,100.0,3851000,-115.85642352126919,264.05337818267196,288.35203727530836,-2915.4001098699873,2988.280534700604,-659.0368064457059,286.943783189892,0,0.2516677529674188
ST7151J0-PSG.edf,ST,EMG submental,100.0,3851000,-115.79897815110787,251.35277283247174,276.7446833299834,-2964.8416041018127,2998.1688335469694,-659.0368064457059,36.07397912470243,0,0.3029636535020865
ST7151J0-PSG.edf,ST,Marker,10.0,385100,-6.624741625551804,13.632866432311113,15.157250699469023,-31.0,1.0,-31.0,1.0,0,0.9997922563556572
ST7152J0-PSG.edf,ST,EEG Fpz-Cz,100.0,3225000,-32.541966104966995,191.44577826343502,194.19182674064615,-1129.6465848745652,343.3437099432338,-1129.6465848745652,74.89470792895074,0,0.04515052759853519
ST7152J0-PSG.edf,ST,EEG Pz-Oz,100.0,3225000,-32.54920957487128,189.7707207599474,192.54188505802793,-1503.5707745834095,1523.3473722761398,-1129.6465848745652,40.10254532136971,0,0.0495908514445006
ST7152J0-PSG.edf,ST,EOG horizontal,100.0,3225000,-32.60309515393863,205.3236184988187,207.8960079632729,-2906.244277604834,1172.4958798754806,-1129.6465848745652,272.2944515656473,0,0.05188853298769919
ST7152J0-PSG.edf,ST,EMG submental,100.0,3225000,-32.501085725560664,189.08545300521777,191.85835689781325,-1506.1344076176524,2648.4160410181285,-1129.6465848745652,19.959714338033326,0,0.1415477257293821
ST7152J0-PSG.edf,ST,Marker,10.0,322500,-0.07648992248062016,5.777348214582024,5.777854541330648,-31.0,33.0,-31.0,1.0,0,0.9998139477193091
ST7161J0-PSG.edf,ST,EEG Fpz-Cz,100.0,3330000,0.3236158333759508,35.3963365843414,35.39781590436899,-2976.9273026918145,2929.683208203626,-96.50247207471159,85.14924006592199,0,0.049261409193421
ST7161J0-PSG.edf,ST,EEG Pz-Oz,100.0,3330000,0.3034560654776732,59.063301162980125,59.064080707758066,-3000.0,2235.3048892144297,-148.8738326313862,125.06866874198865,0,0.05597914708452578
ST7161J0-PSG.edf,ST,EOG horizontal,100.0,3330000,0.3158283718620657,53.95435988033583,53.95528424220624,-2800.0366233290606,2835.92748580846,-169.7491301959348,181.10236220472441,0,0.05650467418821078
ST7161J0-PSG.edf,ST,EMG submental,100.0,3330000,0.29804582095371307,16.40810463399719,16.410811344707756,-2883.1715802966487,2742.1717634132942,-19.959714338033326,26.551913568943416,0,0.12024660734716922
ST7161J0-PSG.edf,ST,Marker,10.0,333000,-0.1663183183183183,6.007070065310069,6.009372059754043,-31.0,33.0,-31.0,1.0,0,0.9998198144088412
ST7162J0-PSG.edf,ST,EEG Fpz-Cz,100.0,3004000,-0.49775688205264235,34.62068064922967,34.624258700072936,-839.223585423915,753.1587621314777,-96.50247207471159,87.7128731001648,0,0.028775062500208056
ST7162J0-PSG.edf,ST,EEG Pz-Oz,100.0,3004000,-0.5013597203362616,24.2965925882716,24.301764811832708,-981.6883354696942,594.5797472990295,-47.06097784288592,54.38564365500824,0,0.033841657262507534
ST7162J0-PSG.edf,ST,EOG horizontal,100.0,3004000,-0.4883697766342671,88.66588187661038,88.66722683153999,-2957.8831715802967,1289.3242995788316,-227.24775682109504,236.40358908624793,0,0.03117853255170623
ST7162J0-PSG.edf,ST,EMG submental,100.0,3004000,-0.4995144117188801,21.795768858315956,21.801492030882894,-374.8397729353598,694.195202343893,-47.79344442409815,36.44021241530855,0,0.07273326475787203
ST7162J0-PSG.edf,ST,Marker,10.0,300400,0.5494007989347537,3.7830650094852154,3.822750593991389,-31.0,33.0,-31.0,1.0,0,0.9998668397749593
ST7171J0-PSG.edf,ST,EEG Fpz-Cz,100.0,2893000,-12.832529542196374,190.99745706725398,191.42806069280672,-2917.96374290423,652.0783739241897,-136.42190075077824,95.40377220289324,0,0.018416931963124657
ST7171J0-PSG.edf,ST,EEG Pz-Oz,100.0,2893000,-12.78680304352143,190.0167689230042,190.44651428685214,-2917.96374290423,931.1481413660501,-91.00897271561985,75.62717451016297,0,0.022748091075323454
ST7171J0-PSG.edf,ST,EOG horizontal,100.0,2893000,-12.746789176534005,198.12940984094203,198.53902306154072,-2917.96374290423,1031.1298297015198,-249.95422083867425,198.68156015381797,0,0.023550029554198253
ST7171J0-PSG.edf,ST,EMG submental,100.0,2893000,-12.764829932235441,188.03888132822226,188.47164713656036,-2987.548068119392,304.52298113898553,-33.87657938106574,27.28438015015565,0,0.07030096889377425
ST7171J0-PSG.edf,ST,Marker,10.0,289300,1.8385067404078812,2.3016180566985986,2.945768611660843,-30.0,34.0,2.0,2.0,0,0.9997234608869993
ST7172J0-PSG.edf,ST,EEG Fpz-Cz,100.0,3020000,-6.722272804995323,106.85070550552788,107.06195504797131,-1788.5002746749678,1781.5418421534516,-208.93609229078922,98.69987181834829,0,0.023036500120861326
ST7172J0-PSG.edf,ST,EEG Pz-Oz,100.0,3020000,-6.50487660242223,104.14440542473618,104.347355504989,-2343.70994323384,1247.2074711591283,-173.04889214429582,61.344076176524446,0,0.029056387603932463
ST7172J0-PSG.edf,ST,EOG horizontal,100.0,3020000,-6.5679120215471265,115.24702692956981,115.43402741145167,-1788.5002746749678,2998.9013001281814,-282.54898370261856,196.11792711957517,0,0.03118553372693287
ST7172J0-PSG.edf,ST,EMG submental,100.0,3020000,-6.551012052955875,103.84576182784,104.05218886944401,-2768.9067936275405,1624.4277604834278,-172.3127632301776,29.11554660318623,0,0.06211941099142712
ST7172J0-PSG.edf,ST,Marker,10.0,302000,1.7419867549668875,2.8617919222835,3.350279221337701,-30.0,2.0,2.0,2.0,0,0.9997350905659128
ST7181J0-PSG.edf,ST,EEG Fpz-Cz,100.0,3088000,-75.94850567803917,284.29271116818455,294.2626737085149,-1143.1972166269913,2531.2213880241716,-1129.6465848745652,58.0479765610694,0,0.07807020100453693
ST7181J0-PSG.edf,ST,EEG Pz-Oz,100.0,3088000,-75.93671540921824,283.7161686221024,293.70265420105727,-2355.0631752426293,433.8033327229445,-1129.6465848745652,39.00384544955136,0,0.08490960139119622
ST7181J0-PSG.edf,ST,EOG horizontal,100.0,3088000,-75.94675278683609,285.7132048477705,295.63481642602386,-2601.538179820546,1148.324482695477,-1129.6465848745652,121.04010254532137,0,0.08579367161163087
ST7181J0-PSG.edf,ST,EMG submental,100.0,3088000,-75.94361240752845,283.37251812872336,293.37248728556415,-1640.542025270097,2998.9013001281814,-1129.6465848745652,17.396081303790513,0,0.13386701381804994
ST7181J0-PSG.edf,ST,Marker,10.0,308800,-1.1813471502590673,8.070791978441733,8.156792522107246,-31.0,33.0,-31.0,1.0,0,0.9998704621263642
ST7182J0-PSG.edf,ST,EEG Fpz-Cz,100.0,3394000,-12.532109023571774,59.01521334517663,60.331162451550746,-2447.353964475371,2531.5876213147776,-235.30488921442958,60.2453763047061,0,0.1496144655700223
ST7182J0-PSG.edf,ST,EEG Pz-Oz,100.0,3394000,-12.525713105529906,56.8578599302447,58.221213699555975,-1506.1344076176524,2906.9767441860463,-235.30488921442958,39.37007874015748,0,0.15482072722665652
ST7182J0-PSG.edf,ST,EOG horizontal,100.0,3394000,-12.515501843737526,65.9128865708122,67.09058356056646,-2695.6601355063176,2870.719648416041,-235.30488921442958,117.37776963926021,0,0.1571896204761947
ST7182J0-PSG.edf,ST,EMG submental,100.0,3394000,-12.530904791537846,53.81608344304369,55.25571836509979,-2437.465665629006,2437.831898919612,-235.30488921442958,25.819446987731183,0,0.22076376182605134
ST7182J0-PSG.edf,ST,Marker,10.0,339400,-3.5010017678255747,11.130194543745022,11.66782944509943,-33.0,33.0,-31.0,1.0,0,0.9997642829782846
ST7191J0-PSG.edf,ST,EEG Fpz-Cz,100.0,3379000,17.94086042279185,423.37754887703136,423.75750537994384,-2699.688701702985,1969.4195202343892,-1223.768540560337,1011.7194652993957,0,0.15565302057715472
ST7191J0-PSG.edf,ST,EEG Pz-Oz,100.0,3379000,17.90544407032916,422.68382774762875,423.06290686698424,-2811.7560886284564,2719.831532686321,-1223.768540560337,1011.7194652993957,0,0.15795252427500525
ST7191J0-PSG.edf,ST,EOG horizontal,100.0,3379000,17.98041817035203,433.5340108317084,433.9067111550691,-2695.6601355063176,2835.92748580846,-1223.768540560337,1011.7194652993957,0,0.16028162261504178
ST7191J0-PSG.edf,ST,EMG submental,100.0,3379000,17.931892747079704,425.2647804946266,425.64267444258394,-2976.9273026918145,2719.0990661051087,-1223.768540560337,1011.7194652993957,0,0.23173788617308722
ST7191J0-PSG.edf,ST,Marker,10.0,337900,-2.7144184670020715,11.352160484101175,11.672172688526768,-33.0,34.0,-30.0,2.0,0,0.9998224274172068
ST7192J0-PSG.edf,ST,EEG Fpz-Cz,100.0,3290000,-438.010813344027,1043.1989967252352,1131.422829615362,-2917.96374290423,501.556491485076,-2917.96374290423,106.0245376304706,0,0.15896400900914592
ST7192J0-PSG.edf,ST,EEG Pz-Oz,100.0,3290000,-437.957138682751,1043.159688689049,1131.3658079635497,-2917.96374290423,2648.4160410181285,-2917.96374290423,61.344076176524446,0,0.16112510980276537
ST7192J0-PSG.edf,ST,EOG horizontal,100.0,3290000,-437.94527005252473,1048.7422188890264,1136.5105812273187,-2917.96374290423,2835.92748580846,-2917.96374290423,368.98370261857144,0,0.16318894586305732
ST7192J0-PSG.edf,ST,EMG submental,100.0,3290000,-437.9583244326025,1042.4648483901071,1130.7256316493501,-2961.545504486358,1992.1259842519685,-2917.96374290423,19.227247756821093,0,0.23760254590439484
ST7192J0-PSG.edf,ST,Marker,10.0,329000,-2.828887537993921,11.458061370640781,11.802108924933197,-30.0,34.0,-30.0,2.0,0,0.9998784157573178
ST7201J0-PSG.edf,ST,EEG Fpz-Cz,100.0,2912000,0.15774165863435238,44.71231934313207,44.71259759254762,-1162.2413477385094,1247.2074711591283,-135.689434169566,99.0661051089544,0,0.0127953736104863
ST7201J0-PSG.edf,ST,EEG Pz-Oz,100.0,2912000,0.23533633094610948,17.98230860966266,17.983848479171833,-177.80626258926935,1247.2074711591283,-43.39864493682476,36.07397912470243,0,0.022833182806259636
ST7201J0-PSG.edf,ST,EOG horizontal,100.0,2912000,0.2611688576942193,85.03222737497093,85.0326284523828,-1220.1062076542757,1247.2074711591283,-256.9163156930964,268.26588536898004,0,0.021033726077356034
ST7201J0-PSG.edf,ST,EMG submental,100.0,2912000,0.35282804542097695,20.247577438153716,20.250651341220287,-593.114814136605,1247.2074711591283,-57.681743270463286,54.01941036440213,0,0.061555843254956236
ST7201J0-PSG.edf,ST,Marker,10.0,291200,1.9416483516483516,1.4232378838920896,2.407406155098137,-30.0,34.0,2.0,2.0,0,0.9997939489680278
ST7202J0-PSG.edf,ST,EEG Fpz-Cz,100.0,3000000,-2.5042744308124267,34.637436196239705,34.72784727957374,-1851.858633949826,446.25526460355246,-84.05054019410365,80.02197399743636,0,0.06965689885632952
ST7202J0-PSG.edf,ST,EEG Pz-Oz,100.0,3000000,-2.5536465848745644,20.23348322715693,20.39399309561721,-1126.7167185497162,867.0573155099798,-47.06097784288592,39.00384544955136,0,0.08109360364534549
ST7202J0-PSG.edf,ST,EOG horizontal,100.0,3000000,-2.575548922663736,96.62910596142349,96.66342416424659,-1455.5942135140085,2556.1252517853873,-315.14374656656287,330.1593114814137,0,0.07906693022310074
ST7202J0-PSG.edf,ST,EMG submental,100.0,3000000,-2.4954782396386492,28.86979705533973,28.97744974391312,-2249.9542208386742,1039.1869620948544,-69.401208569859,64.27394250137337,0,0.12866042886809623
ST7202J0-PSG.edf,ST,Marker,10.0,300000,-0.8622933333333334,7.496688838455431,7.546117765668207,-31.0,33.0,-31.0,1.0,0,0.9997999933331111
ST7211J0-PSG.edf,ST,EEG Fpz-Cz,100.0,3237000,-0.014240784076398161,61.09509432538771,61.095095985094865,-3000.0,3000.0,-125.06866874198865,120.31129829701861,0,0.010432531456692791
ST7211J0-PSG.edf,ST,EEG Pz-Oz,100.0,3237000,-0.04690659868779399,46.52973076143382,46.52975440468734,-3000.0,2965.940303973631,-63.54147592016114,55.8505768174327,0,0.017241326046728598
ST7211J0-PSG.edf,ST,EOG horizontal,100.0,3237000,0.003385819417571161,115.5948103405655,115.5948103901515,-3000.0,2988.280534700604,-343.70994323383997,342.97747665262773,0,0.017374165505608604
ST7211J0-PSG.edf,ST,EMG submental,100.0,3237000,-0.04002668513559576,42.06118660067928,42.06120564597122,-3000.0,2955.319538546054,-29.481779893792346,28.749313312580114,0,0.08490912854225685
ST7211J0-PSG.edf,ST,Marker,10.0,323700,1.9550200803212852,1.2480161487729298,2.3194067823599767,-30.0,34.0,2.0,2.0,0,0.9995983811671662
ST7212J0-PSG.edf,ST,EEG Fpz-Cz,100.0,3162000,-62.29661236522657,305.0048015570327,311.30177783788554,-2264.2373191723127,2988.280534700604,-1506.1344076176524,138.98553378502106,0,0.049936906821337196
ST7212J0-PSG.edf,ST,EEG Pz-Oz,100.0,3162000,-62.3931748337733,305.24350315186393,311.55497826589095,-1660.6848562534335,2999.633766709394,-1506.1344076176524,134.9569675883538,0,0.057710492443050106
ST7212J0-PSG.edf,ST,EOG horizontal,100.0,3162000,-62.282091250001024,341.1182002925112,346.75738703202165,-2905.878044314228,1644.9368247573705,-1506.1344076176524,496.4292254165904,0,0.05359915749259169
ST7212J0-PSG.edf,ST,EMG submental,100.0,3162000,-62.3325289404797,301.8264717294111,308.19565733595397,-2202.343893059879,1647.134224501007,-1506.1344076176524,60.61160959531221,0,0.12461772491374103
ST7212J0-PSG.edf,ST,Marker,10.0,316200,-0.35246046805819103,6.443163415098345,6.452796539114306,-31.0,33.0,-31.0,1.0,0,0.9998734937853823
ST7221J0-PSG.edf,ST,EEG Fpz-Cz,100.0,3296000,-4.151692473372527,63.10451757134808,63.240941551387735,-2601.904413111152,2564.914850759934,-82.58560703167917,73.7960080571324,0,0.07821322273429228
ST7221J0-PSG.edf,ST,EEG Pz-Oz,100.0,3296000,-4.164377412295125,60.0730842885069,60.217252471082475,-2723.4938655923825,2994.140267350302,-47.06097784288592,40.10254532136971,0,0.0872211384136481
ST7221J0-PSG.edf,ST,EOG horizontal,100.0,3296000,-4.169190668873545,98.01555710469285,98.10418739980854,-2905.511811023622,2906.6105108954403,-250.68668741988645,262.03991942867606,0,0.08365316642344182
ST7221J0-PSG.edf,ST,EMG submental,100.0,3296000,-4.183539546972973,57.13885578848051,57.291804334981954,-2789.7820911920894,2671.85497161692,-47.06097784288592,30.580479765610693,0,0.16900233313814667
ST7221J0-PSG.edf,ST,Marker,10.0,329600,-1.0669902912621358,7.870565644412891,7.942560786337124,-31.0,33.0,-31.0,1.0,0,0.999878637094572
ST7222J0-PSG.edf,ST,EEG Fpz-Cz,100.0,2874000,-0.27453262885033974,31.65137622826542,31.652566804407957,-2917.96374290423,2987.914301409998,-75.62717451016297,69.76744186046511,0,0.025219294430391198
ST7222J0-PSG.edf,ST,EEG Pz-Oz,100.0,2874000,-0.15549788931624622,26.96192658025477,26.96237497908206,-2941.4026735030216,2982.0545687603003,-59.14667643288775,34.975279252884086,0,0.03518801387617911
ST7222J0-PSG.edf,ST,EOG horizontal,100.0,2874000,-0.28191782382496633,73.8569739021817,73.85751195137121,-2964.8416041018127,2929.3169749130197,-245.92565464200695,234.57242263321734,0,0.03266538853649456
ST7222J0-PSG.edf,ST,EMG submental,100.0,2874000,-0.3861589811833313,175.55582088233982,175.55624558650973,-3049.0752609412193,3427.028016846731,-402.67350302142466,314.4112799853507,0,0.06797518432562395
ST7222J0-PSG.edf,ST,Marker,10.0,287400,0.6981489213639527,3.1104677776016483,3.1878553467652497,-31.0,33.0,1.0,1.0,0,0.9998608163123281
ST7241J0-PSG.edf,ST,EEG Fpz-Cz,100.0,3261000,-25.12924222334042,142.18926658355633,144.39275032455384,-2343.70994323384,2988.280534700604,-753.1587621314777,96.50247207471159,0,0.04468274971711045
ST7241J0-PSG.edf,ST,EEG Pz-Oz,100.0,3261000,-25.118177283529416,152.22905801944097,154.28742312817707,-2906.9767441860463,2995.6052005127267,-753.1587621314777,48.525911005310384,0,0.05046013633896455
ST7241J0-PSG.edf,ST,EOG horizontal,100.0,3261000,-25.16446766654756,175.9777952669769,177.76792415946906,-1510.5292071049257,2988.280534700604,-753.1587621314777,353.9644753708112,0,0.050257743813995136
ST7241J0-PSG.edf,ST,EMG submental,100.0,3261000,-25.119832015606633,136.8353238238111,139.12193143591543,-2905.878044314228,2903.3144112799855,-753.1587621314777,31.67917963742904,0,0.0969092208194444
ST7241J0-PSG.edf,ST,Marker,10.0,326100,-0.06872738423796382,5.758262115234724,5.758672246368228,-31.0,33.0,-31.0,1.0,0,0.9998773344782116
ST7242J0-PSG.edf,ST,EEG Fpz-Cz,100.0,2948000,-11.682488284385865,187.74774587552633,188.11086256209668,-2823.841787218458,1054.5687603003114,-160.59329793078192,102.36586705731892,0,0.016787709591959268
ST7242J0-PSG.edf,ST,EEG Pz-Oz,100.0,2948000,-11.703177980683057,192.4692703932054,192.82475053929247,-2823.841787218458,2844.3508514924006,-172.31642556308358,62.446438381252264,0,0.023955305140112414
ST7242J0-PSG.edf,ST,EOG horizontal,100.0,2948000,-11.791646427349527,213.15522214581466,213.48112715998857,-2823.841787218458,2214.429591649881,-495.69675883537815,351.4008423365684,0,0.024172402213033288
ST7242J0-PSG.edf,ST,EMG submental,100.0,2948000,-11.752517853872916,183.4516860316107,183.82775302915033,-3000.0,2531.5876213147776,-29.481779893792346,30.946713056216808,0,0.08214410496643476
ST7242J0-PSG.edf,ST,Marker,10.0,294800,0.8424966078697422,2.273353701149743,2.4244458304534784,-31.0,33.0,1.0,1.0,0,0.9998643101869127
