recording_id,label,delta,theta,alpha,sigma,beta,eog_ptp,emg_rms,pz_delta,pz_alpha,pz_sigma
SC4001E0-PSG.edf,N1,0.6627,0.2242,0.0626,0.0246,0.0458,120.95,2.194,0.5816,0.1162,0.025
SC4001E0-PSG.edf,N2,0.8388,0.1046,0.0336,0.0253,0.018,83.3,2.006,0.8036,0.0396,0.0225
SC4001E0-PSG.edf,N3,0.94,0.0454,0.0115,0.0058,0.0034,121.7,2.0195,0.9216,0.0116,0.0049
SC4001E0-PSG.edf,REM,0.6636,0.2235,0.0682,0.0231,0.0352,206.5,0.341,0.5869,0.1515,0.0255
SC4001E0-PSG.edf,Wake,0.8549,0.0885,0.0206,0.0127,0.0342,572.1,3.423,0.5281,0.1269,0.0803
SC4002E0-PSG.edf,N1,0.6532,0.217,0.059,0.0289,0.0566,114.3,1.567,0.6398,0.0815,0.0268
SC4002E0-PSG.edf,N2,0.8022,0.1221,0.0407,0.0336,0.0282,94.0,1.568,0.7634,0.049,0.0251
SC4002E0-PSG.edf,N3,0.9304,0.0507,0.0136,0.0072,0.0051,130.2,1.201,0.9103,0.0144,0.0059
SC4002E0-PSG.edf,OTHER,0.7624,0.0885,0.0447,0.0375,0.1057,830.0,3.495,0.9229,0.0123,0.0048
SC4002E0-PSG.edf,REM,0.6385,0.2251,0.073,0.031,0.0593,190.5,0.44,0.555,0.1651,0.0294
SC4002E0-PSG.edf,Wake,0.7725,0.102,0.0377,0.0283,0.0823,564.8,4.109,0.4927,0.1455,0.0883
SC4011E0-PSG.edf,N1,0.7807,0.1168,0.0412,0.0199,0.0514,217.3,2.362,0.5696,0.1309,0.0473
SC4011E0-PSG.edf,N2,0.8322,0.1046,0.0308,0.0247,0.0254,85.55,0.9645,0.7326,0.051,0.0329
SC4011E0-PSG.edf,N3,0.9407,0.0468,0.0083,0.0065,0.0053,107.4,0.531,0.848,0.0188,0.0097
SC4011E0-PSG.edf,REM,0.7719,0.1556,0.0365,0.0148,0.0284,256.4,0.402,0.7108,0.0764,0.0288
SC4011E0-PSG.edf,Wake,0.9283,0.0566,0.0086,0.0037,0.0066,643.8,3.182,0.3939,0.149,0.1194
SC4012E0-PSG.edf,N1,0.7632,0.1442,0.0431,0.0226,0.057,252.8,3.6835,0.6859,0.082,0.031
SC4012E0-PSG.edf,N2,0.8366,0.1035,0.0296,0.0258,0.0256,114.3,2.611,0.7243,0.0508,0.0332
SC4012E0-PSG.edf,N3,0.9376,0.0474,0.008,0.0075,0.0061,130.05,1.706,0.8757,0.0158,0.01
SC4012E0-PSG.edf,OTHER,0.8881,0.0753,0.0105,0.0126,0.0262,22.0,0.017,0.8744,0.0142,0.0128
SC4012E0-PSG.edf,REM,0.7646,0.1648,0.0348,0.0152,0.029,412.0,1.698,0.7078,0.0756,0.028
SC4012E0-PSG.edf,Wake,0.917,0.0646,0.0095,0.0042,0.0072,789.3,4.88,0.46,0.1411,0.109
SC4021E0-PSG.edf,N1,0.7378,0.1208,0.0533,0.0337,0.0684,305.2,3.4385,0.5352,0.1788,0.0846
SC4021E0-PSG.edf,N2,0.8727,0.0824,0.0176,0.0182,0.0193,124.9,2.197,0.8389,0.0318,0.0263
SC4021E0-PSG.edf,N3,0.9602,0.0315,0.0047,0.0038,0.0035,161.2,2.084,0.9468,0.007,0.0053
SC4021E0-PSG.edf,REM,0.7657,0.1583,0.0345,0.0167,0.0261,257.5,0.402,0.6279,0.1154,0.0441
SC4021E0-PSG.edf,Wake,0.9022,0.0597,0.0158,0.0098,0.0222,602.7,3.426,0.2849,0.1417,0.1363
SC4022E0-PSG.edf,N1,0.8564,0.0879,0.0257,0.015,0.0253,378.6,3.058,0.8586,0.0306,0.0166
SC4022E0-PSG.edf,N2,0.8814,0.0772,0.0169,0.0191,0.0187,151.4,1.7905,0.8862,0.018,0.0168
SC4022E0-PSG.edf,N3,0.96,0.032,0.0044,0.0041,0.0037,181.1,2.145,0.9601,0.0048,0.0035
SC4022E0-PSG.edf,OTHER,0.9496,0.021,0.0139,0.0062,0.0163,1085.3,3.058,0.9625,0.0115,0.0063
SC4022E0-PSG.edf,REM,0.8217,0.1225,0.0268,0.0128,0.0203,342.1,0.572,0.8357,0.0477,0.0185
SC4022E0-PSG.edf,Wake,0.9441,0.0424,0.0072,0.0036,0.0074,770.1,3.258,0.6552,0.0738,0.0644
SC4031E0-PSG.edf,N1,0.6954,0.1324,0.0742,0.0365,0.0832,176.2,2.647,0.5352,0.1402,0.0475
SC4031E0-PSG.edf,N2,0.8217,0.0806,0.0381,0.0557,0.0546,115.5,2.034,0.704,0.0576,0.0685
SC4031E0-PSG.edf,N3,0.9406,0.0414,0.0115,0.0102,0.0087,144.3,1.991,0.9054,0.0147,0.0119
SC4031E0-PSG.edf,REM,0.6972,0.1621,0.0647,0.0287,0.0636,267.5,0.499,0.5607,0.1512,0.0395
SC4031E0-PSG.edf,Wake,0.7829,0.1141,0.0349,0.0248,0.0657,704.0,3.514,0.3454,0.1723,0.1478
SC4032E0-PSG.edf,N1,0.5844,0.1658,0.0967,0.0489,0.124,227.8,2.975,0.4419,0.2483,0.056
SC4032E0-PSG.edf,N2,0.7353,0.102,0.0565,0.0908,0.0876,118.85,1.9135,0.6174,0.0737,0.0918
SC4032E0-PSG.edf,N3,0.9181,0.0488,0.0147,0.0191,0.0151,153.7,1.569,0.8776,0.0188,0.019
SC4032E0-PSG.edf,REM,0.6829,0.1732,0.0672,0.032,0.0655,275.4,0.493,0.5397,0.1534,0.0464
SC4032E0-PSG.edf,Wake,0.8062,0.1098,0.0296,0.0206,0.0503,780.5,3.65,0.2991,0.1749,0.1571
SC4041E0-PSG.edf,N1,0.6119,0.1671,0.0842,0.0405,0.1122,184.65,2.3175,0.5608,0.1233,0.0421
SC4041E0-PSG.edf,N2,0.6652,0.142,0.0859,0.0851,0.087,98.45,1.32,0.6338,0.0801,0.0706
SC4041E0-PSG.edf,N3,0.8762,0.0667,0.0398,0.0299,0.0159,172.9,1.641,0.8664,0.0289,0.0209
SC4041E0-PSG.edf,OTHER,0.508,0.0889,0.1979,0.0403,0.2071,376.0,1.85,0.9147,0.0336,0.0068
SC4041E0-PSG.edf,REM,0.6562,0.1856,0.0678,0.03,0.065,236.45,0.855,0.6028,0.1142,0.0346
SC4041E0-PSG.edf,Wake,0.8507,0.1005,0.0212,0.0126,0.0279,628.4,2.955,0.4422,0.1183,0.0998
SC4042E0-PSG.edf,N1,0.6118,0.1603,0.0813,0.0418,0.1275,189.6,2.614,0.5527,0.1136,0.0434
SC4042E0-PSG.edf,N2,0.6662,0.1382,0.0827,0.0784,0.0891,88.2,1.857,0.622,0.0835,0.068
SC4042E0-PSG.edf,N3,0.8706,0.0678,0.0406,0.0298,0.0196,137.55,2.171,0.8528,0.036,0.0284
SC4042E0-PSG.edf,OTHER,0.8844,0.049,0.027,0.0129,0.0406,464.9,2.48,0.9143,0.0304,0.0096
SC4042E0-PSG.edf,REM,0.655,0.1804,0.0665,0.0293,0.0699,260.05,0.9545,0.5678,0.1198,0.0373
SC4042E0-PSG.edf,Wake,0.8342,0.1052,0.0244,0.0157,0.0362,534.7,3.023,0.3423,0.1326,0.1189
SC4051E0-PSG.edf,N1,0.582,0.2255,0.1451,0.023,0.041,151.75,2.4595,0.4701,0.1717,0.0275
SC4051E0-PSG.edf,N2,0.7472,0.1559,0.0425,0.0413,0.0379,93.2,1.975,0.6875,0.0558,0.0419
SC4051E0-PSG.edf,N3,0.9014,0.0685,0.0212,0.0128,0.0089,117.4,1.463,0.8739,0.0245,0.0116
SC4051E0-PSG.edf,REM,0.657,0.2429,0.0661,0.0244,0.0318,148.9,0.8015,0.5552,0.1135,0.0358
SC4051E0-PSG.edf,Wake,0.9056,0.0646,0.015,0.0072,0.0126,627.6,2.7595,0.5385,0.1056,0.063
SC4052E0-PSG.edf,N1,0.5674,0.2372,0.1139,0.0331,0.0596,155.65,1.5965,0.4969,0.1414,0.0288
SC4052E0-PSG.edf,N2,0.7041,0.174,0.0526,0.0508,0.0538,103.3,1.218,0.6402,0.0695,0.0493
SC4052E0-PSG.edf,N3,0.9062,0.06,0.0231,0.0126,0.0096,145.9,0.9995,0.8654,0.0262,0.0124
SC4052E0-PSG.edf,OTHER,0.8224,0.072,0.0374,0.0236,0.0704,561.1,2.6465,0.8008,0.0362,0.0231
SC4052E0-PSG.edf,REM,0.6593,0.2112,0.0691,0.0292,0.046,267.05,0.9665,0.5362,0.1218,0.0414
SC4052E0-PSG.edf,Wake,0.8604,0.0924,0.0211,0.0109,0.0209,651.7,2.985,0.5806,0.1067,0.0577
SC4061E0-PSG.edf,N1,0.5718,0.1556,0.1087,0.048,0.1268,258.15,2.5975,0.6587,0.102,0.0292
SC4061E0-PSG.edf,N2,0.7283,0.1351,0.0616,0.0579,0.0565,130.0,1.756,0.741,0.0516,0.0422
SC4061E0-PSG.edf,N3,0.9544,0.0338,0.0072,0.006,0.0052,205.7,1.0905,0.9209,0.0128,0.0092
SC4061E0-PSG.edf,REM,0.6572,0.2084,0.0716,0.03,0.0543,308.15,0.183,0.7284,0.0764,0.03
SC4061E0-PSG.edf,Wake,0.7827,0.0946,0.0323,0.0247,0.0817,1037.5,2.359,0.5364,0.0999,0.0811
SC4062E0-PSG.edf,N1,0.7246,0.1371,0.065,0.033,0.0581,180.65,3.7925,0.629,0.0801,0.0324
SC4062E0-PSG.edf,N2,0.78,0.1124,0.0505,0.0503,0.0425,82.1,2.964,0.7513,0.0484,0.0429
SC4062E0-PSG.edf,N3,0.9595,0.031,0.0059,0.0045,0.0035,134.0,1.161,0.9347,0.0083,0.0062
SC4062E0-PSG.edf,REM,0.7377,0.1695,0.0527,0.0211,0.03,241.8,0.751,0.6815,0.082,0.0287
SC4062E0-PSG.edf,Wake,0.8557,0.0895,0.018,0.0119,0.0305,639.6,3.919,0.438,0.1254,0.0979
SC4071E0-PSG.edf,N1,0.6866,0.11,0.112,0.0548,0.0765,132.8,3.977,0.6186,0.1248,0.0593
SC4071E0-PSG.edf,N2,0.7804,0.0947,0.0644,0.061,0.0484,95.2,3.782,0.6796,0.0939,0.0729
SC4071E0-PSG.edf,N3,0.9446,0.0343,0.0132,0.0076,0.0064,148.5,3.612,0.906,0.0277,0.0108
SC4071E0-PSG.edf,REM,0.681,0.1776,0.082,0.0356,0.0474,217.35,1.0135,0.6093,0.138,0.0614
SC4071E0-PSG.edf,Wake,0.8604,0.0696,0.0285,0.0174,0.0377,453.0,4.1885,0.3098,0.1552,0.1286
SC4072E0-PSG.edf,N1,0.5229,0.1512,0.1586,0.0688,0.1218,201.75,3.3835,0.5306,0.1728,0.065
SC4072E0-PSG.edf,N2,0.6871,0.1188,0.0915,0.095,0.0796,124.4,3.4865,0.6014,0.1154,0.0987
SC4072E0-PSG.edf,N3,0.9342,0.0412,0.0174,0.0119,0.0104,199.3,2.5485,0.8774,0.034,0.0168
SC4072E0-PSG.edf,REM,0.5914,0.177,0.1076,0.0522,0.0841,309.1,1.464,0.5228,0.1704,0.0798
SC4072E0-PSG.edf,Wake,0.769,0.0859,0.0472,0.0352,0.0953,607.3,4.307,0.2881,0.1642,0.1427
SC4081E0-PSG.edf,N1,0.5148,0.1664,0.1096,0.051,0.1696,360.65,2.8015,0.322,0.4292,0.0482
SC4081E0-PSG.edf,N2,0.845,0.085,0.0324,0.0302,0.0288,160.9,2.739,0.7624,0.049,0.03
SC4081E0-PSG.edf,N3,0.9384,0.0406,0.015,0.0104,0.0084,160.65,1.992,0.9008,0.0198,0.0105
SC4081E0-PSG.edf,REM,0.666,0.1855,0.0733,0.0399,0.0592,394.2,2.295,0.6856,0.0928,0.0318
SC4081E0-PSG.edf,Wake,0.8454,0.0789,0.0317,0.0164,0.0449,690.0,2.832,0.4394,0.1669,0.0833
SC4082E0-PSG.edf,N1,0.7227,0.1234,0.0605,0.0333,0.0637,311.0,0.619,0.5886,0.1585,0.0315
SC4082E0-PSG.edf,N2,0.8632,0.0801,0.0303,0.0223,0.0234,146.0,0.614,0.762,0.0507,0.0295
SC4082E0-PSG.edf,N3,0.9571,0.0289,0.0085,0.0065,0.0047,147.15,0.6075,0.9303,0.0124,0.0066
SC4082E0-PSG.edf,REM,0.7256,0.1646,0.0547,0.0273,0.0414,354.55,0.606,0.6847,0.0992,0.0319
SC4082E0-PSG.edf,Wake,0.885,0.0733,0.0178,0.0089,0.0231,593.5,3.2335,0.4852,0.1562,0.0753
SC4091E0-PSG.edf,N1,0.7374,0.1143,0.0462,0.0278,0.087,265.5,3.509,0.6549,0.0961,0.0311
SC4091E0-PSG.edf,N2,0.8194,0.0902,0.0357,0.0388,0.0494,96.3,2.384,0.7946,0.041,0.0389
SC4091E0-PSG.edf,N3,0.9294,0.0434,0.0146,0.0136,0.0124,136.3,2.086,0.9322,0.0122,0.0106
SC4091E0-PSG.edf,OTHER,0.8984,0.0313,0.0203,0.0155,0.045,471.9,3.728,0.8669,0.0346,0.0185
SC4091E0-PSG.edf,REM,0.7808,0.127,0.036,0.0192,0.047,179.0,0.481,0.7442,0.0588,0.0239
SC4091E0-PSG.edf,Wake,0.8191,0.0786,0.0276,0.0213,0.0687,584.9,4.008,0.3523,0.1399,0.1154
SC4092E0-PSG.edf,N1,0.7109,0.0984,0.0495,0.0356,0.1174,239.9,3.076,0.6578,0.0731,0.0366
SC4092E0-PSG.edf,N2,0.7525,0.1167,0.0512,0.064,0.0754,108.1,1.8095,0.7363,0.053,0.0536
SC4092E0-PSG.edf,N3,0.9243,0.0456,0.0157,0.0163,0.0142,147.8,1.223,0.9222,0.0147,0.0122
SC4092E0-PSG.edf,OTHER,0.7692,0.0869,0.036,0.0302,0.1021,704.1,3.328,0.359,0.146,0.1207
SC4092E0-PSG.edf,REM,0.6729,0.1592,0.0551,0.0303,0.0907,170.2,0.556,0.6347,0.0991,0.0338
SC4092E0-PSG.edf,Wake,0.7021,0.0835,0.0495,0.0441,0.1655,581.5,3.216,0.3269,0.1385,0.1193
SC4101E0-PSG.edf,N1,0.7434,0.1309,0.0531,0.0291,0.0599,229.4,2.607,0.7148,0.069,0.0358
SC4101E0-PSG.edf,N2,0.8063,0.0941,0.0425,0.0442,0.047,111.4,1.5,0.7976,0.043,0.0389
SC4101E0-PSG.edf,N3,0.9501,0.0342,0.0111,0.0113,0.0096,182.9,2.336,0.9137,0.0144,0.0128
SC4101E0-PSG.edf,OTHER,0.9003,0.0389,0.0312,0.0181,0.0305,961.8,3.921,0.8007,0.0936,0.0254
SC4101E0-PSG.edf,REM,0.8014,0.1289,0.0323,0.0172,0.0297,287.2,0.411,0.737,0.0611,0.0319
SC4101E0-PSG.edf,Wake,0.8944,0.0742,0.0156,0.01,0.0138,532.4,4.049,0.6685,0.0721,0.0574
SC4102E0-PSG.edf,N1,0.7614,0.1139,0.0539,0.0313,0.0616,207.1,2.992,0.6024,0.1049,0.0548
SC4102E0-PSG.edf,N2,0.8179,0.0873,0.0375,0.0471,0.0452,93.0,2.343,0.7723,0.0453,0.0465
SC4102E0-PSG.edf,N3,0.957,0.0292,0.0079,0.007,0.0062,160.8,0.941,0.9309,0.0109,0.0089
SC4102E0-PSG.edf,OTHER,0.9348,0.0203,0.0145,0.0139,0.0316,728.4,3.882,0.7033,0.067,0.0642
SC4102E0-PSG.edf,REM,0.8224,0.1238,0.0273,0.014,0.0258,314.8,1.047,0.6888,0.0682,0.0389
SC4102E0-PSG.edf,Wake,0.899,0.0698,0.0154,0.0101,0.014,525.3,3.869,0.5625,0.0938,0.0845
SC4111E0-PSG.edf,N1,0.8135,0.1155,0.0415,0.0203,0.0394,388.2,2.853,0.6308,0.0734,0.031
SC4111E0-PSG.edf,N2,0.7549,0.1146,0.0539,0.0435,0.074,96.4,2.8765,0.8207,0.0337,0.022
SC4111E0-PSG.edf,N3,0.9473,0.0355,0.0117,0.0073,0.0062,130.7,2.81,0.9324,0.0135,0.0074
SC4111E0-PSG.edf,OTHER,0.7064,0.1147,0.0676,0.0359,0.1135,377.1,2.872,0.8846,0.0337,0.0122
SC4111E0-PSG.edf,REM,0.6963,0.141,0.0652,0.0436,0.0985,272.6,2.4805,0.7418,0.0645,0.0214
SC4111E0-PSG.edf,Wake,0.8237,0.0959,0.0315,0.0203,0.0486,563.8,2.83,0.4246,0.1226,0.0995
SC4112E0-PSG.edf,N1,0.7668,0.1332,0.0393,0.034,0.0654,288.8,3.3705,0.7021,0.0612,0.0308
SC4112E0-PSG.edf,N2,0.8463,0.094,0.0346,0.031,0.0288,112.55,3.362,0.7934,0.0416,0.0252
SC4112E0-PSG.edf,N3,0.9379,0.0339,0.0164,0.0103,0.008,145.0,3.371,0.9203,0.0175,0.0093
SC4112E0-PSG.edf,REM,0.7151,0.186,0.0507,0.0263,0.047,175.7,3.373,0.7052,0.0681,0.024
SC4112E0-PSG.edf,Wake,0.7852,0.0968,0.0354,0.0255,0.0776,600.4,3.337,0.3324,0.1462,0.1178
SC4121E0-PSG.edf,N1,0.7397,0.1418,0.055,0.0278,0.0384,112.0,2.5385,0.7111,0.0643,0.0244
SC4121E0-PSG.edf,N2,0.8177,0.1208,0.0352,0.0216,0.0228,96.5,1.957,0.8077,0.0387,0.0185
SC4121E0-PSG.edf,N3,0.94,0.0477,0.0074,0.0039,0.0041,145.7,1.537,0.94,0.0065,0.0029
SC4121E0-PSG.edf,OTHER,0.8661,0.0908,0.0122,0.0142,0.0306,22.0,0.014,0.8661,0.0153,0.0163
SC4121E0-PSG.edf,REM,0.714,0.1724,0.0598,0.0252,0.044,128.25,0.8795,0.6686,0.0979,0.0236
SC4121E0-PSG.edf,Wake,0.8551,0.0827,0.027,0.0152,0.0321,569.4,4.163,0.533,0.1393,0.0906
SC4122E0-PSG.edf,N1,0.7816,0.138,0.0441,0.02,0.028,110.5,2.591,0.7347,0.0608,0.0223
SC4122E0-PSG.edf,N2,0.8255,0.1201,0.0312,0.0191,0.0192,100.2,1.946,0.8093,0.0362,0.018
SC4122E0-PSG.edf,N3,0.9494,0.0424,0.0057,0.0032,0.0032,139.55,1.0585,0.9514,0.0062,0.0036
SC4122E0-PSG.edf,REM,0.7553,0.16,0.0504,0.0196,0.0315,165.7,0.891,0.6822,0.0963,0.0248
SC4122E0-PSG.edf,Wake,0.8763,0.0787,0.0217,0.0116,0.0217,555.9,2.88,0.5918,0.1237,0.0743
SC4131E0-PSG.edf,N1,0.6279,0.1303,0.0694,0.0569,0.1679,243.6,2.05,0.6147,0.0823,0.0556
SC4131E0-PSG.edf,N2,0.7444,0.1018,0.0699,0.0662,0.0672,107.3,0.905,0.7175,0.066,0.0483
SC4131E0-PSG.edf,N3,0.9297,0.0501,0.0168,0.0089,0.0063,131.7,0.531,0.9046,0.0144,0.0066
SC4131E0-PSG.edf,REM,0.6622,0.1871,0.0506,0.029,0.084,257.6,0.8095,0.6013,0.1132,0.0456
SC4131E0-PSG.edf,Wake,0.7723,0.093,0.0366,0.0289,0.0947,620.3,3.634,0.5391,0.1115,0.0817
SC4141E0-PSG.edf,N1,0.706,0.1182,0.0632,0.0541,0.0899,187.5,3.415,0.6888,0.0803,0.0571
SC4141E0-PSG.edf,N2,0.7546,0.1144,0.0702,0.0716,0.0503,99.5,1.9455,0.6841,0.0908,0.0832
SC4141E0-PSG.edf,N3,0.9035,0.0556,0.0272,0.0215,0.0126,128.0,1.299,0.8977,0.0258,0.0172
SC4141E0-PSG.edf,REM,0.7128,0.1832,0.0511,0.0263,0.0492,183.5,0.596,0.6064,0.1453,0.0489
SC4141E0-PSG.edf,Wake,0.7885,0.0915,0.0397,0.0273,0.0753,643.3,3.51,0.4596,0.1247,0.1053
SC4142E0-PSG.edf,N1,0.6706,0.134,0.0663,0.0536,0.1042,167.9,3.133,0.6303,0.0942,0.0586
SC4142E0-PSG.edf,N2,0.7468,0.1156,0.0788,0.0696,0.0439,98.65,2.3125,0.6984,0.0965,0.0742
SC4142E0-PSG.edf,N3,0.9152,0.0508,0.0275,0.0156,0.0088,130.5,1.315,0.9219,0.0203,0.011
SC4142E0-PSG.edf,REM,0.693,0.1801,0.054,0.0324,0.0591,166.1,0.97,0.6038,0.1343,0.0512
SC4142E0-PSG.edf,Wake,0.7697,0.0925,0.0426,0.031,0.092,723.4,3.12,0.4653,0.1214,0.1049
SC4151E0-PSG.edf,N1,0.7639,0.1415,0.0493,0.022,0.042,384.6,3.107,0.676,0.0797,0.026
SC4151E0-PSG.edf,N2,0.8067,0.1189,0.0437,0.0403,0.0259,105.95,3.036,0.8092,0.0434,0.037
SC4151E0-PSG.edf,N3,0.94,0.0435,0.0115,0.0098,0.0052,138.0,3.03,0.9552,0.0077,0.0059
SC4151E0-PSG.edf,OTHER,0.8081,0.0846,0.0352,0.0268,0.0728,387.25,3.1275,0.9502,0.0128,0.0057
SC4151E0-PSG.edf,REM,0.7155,0.2094,0.0396,0.0154,0.0236,327.2,1.5155,0.7011,0.0736,0.0171
SC4151E0-PSG.edf,Wake,0.8544,0.0655,0.0258,0.0184,0.0526,532.2,3.088,0.624,0.0896,0.0678
SC4152E0-PSG.edf,N1,0.6532,0.165,0.0587,0.0391,0.0812,249.4,3.542,0.5973,0.0922,0.0442
SC4152E0-PSG.edf,N2,0.7618,0.1358,0.0543,0.0554,0.0359,108.45,3.5215,0.7153,0.0724,0.0686
SC4152E0-PSG.edf,N3,0.9164,0.0568,0.0178,0.0152,0.0076,159.5,3.5345,0.9325,0.0154,0.0132
SC4152E0-PSG.edf,OTHER,0.5735,0.1294,0.0835,0.0882,0.2582,357.2,3.449,0.929,0.0109,0.0049
SC4152E0-PSG.edf,REM,0.6798,0.2191,0.0468,0.022,0.0438,387.55,2.8735,0.6212,0.087,0.0322
SC4152E0-PSG.edf,Wake,0.7149,0.0919,0.0526,0.0436,0.1362,624.0,3.504,0.3488,0.1229,0.115
SC4161E0-PSG.edf,N1,0.8155,0.079,0.0366,0.0326,0.0642,190.6,4.436,0.717,0.0713,0.0506
SC4161E0-PSG.edf,N2,0.8094,0.0689,0.0504,0.0689,0.0626,122.95,3.6565,0.7877,0.0496,0.0756
SC4161E0-PSG.edf,N3,0.9255,0.0399,0.0198,0.0191,0.0136,158.4,2.217,0.9087,0.0221,0.0222
SC4161E0-PSG.edf,OTHER,0.9248,0.0275,0.0186,0.0134,0.0378,566.7,4.337,0.9648,0.0052,0.003
SC4161E0-PSG.edf,REM,0.7881,0.1058,0.0366,0.0314,0.0557,234.05,3.685,0.7865,0.0479,0.037
SC4161E0-PSG.edf,Wake,0.8864,0.0717,0.0146,0.01,0.0256,763.3,4.793,0.7117,0.0585,0.0521
SC4162E0-PSG.edf,N1,0.6633,0.0847,0.0604,0.0674,0.1658,217.45,3.0405,0.7449,0.0656,0.0606
SC4162E0-PSG.edf,N2,0.7685,0.0712,0.0621,0.0859,0.09,116.5,1.665,0.7477,0.0621,0.0934
SC4162E0-PSG.edf,N3,0.906,0.0422,0.0271,0.026,0.0218,145.9,1.6595,0.8858,0.0306,0.0319
SC4162E0-PSG.edf,OTHER,0.5682,0.0836,0.1057,0.0986,0.2446,633.05,3.6545,0.9725,0.0035,0.0024
SC4162E0-PSG.edf,REM,0.6594,0.1367,0.0562,0.0516,0.1209,176.7,1.484,0.6909,0.0734,0.0539
SC4162E0-PSG.edf,Wake,0.7892,0.0884,0.0335,0.0284,0.086,608.4,3.746,0.6482,0.0713,0.0668
SC4171E0-PSG.edf,N1,0.841,0.1334,0.0221,0.0132,0.0116,96.5,2.681,0.664,0.055,0.0224
SC4171E0-PSG.edf,N2,0.8507,0.1154,0.0269,0.0156,0.0082,99.4,2.3865,0.727,0.0449,0.024
SC4171E0-PSG.edf,N3,0.9312,0.0548,0.0113,0.0055,0.0033,138.1,2.722,0.87,0.0194,0.0092
SC4171E0-PSG.edf,OTHER,0.8937,0.0589,0.0218,0.0143,0.0261,332.9,3.979,0.8763,0.0308,0.0164
SC4171E0-PSG.edf,REM,0.7736,0.1809,0.0287,0.0113,0.0188,138.5,0.687,0.6526,0.0554,0.0178
SC4171E0-PSG.edf,Wake,0.7878,0.1341,0.0327,0.0155,0.0359,390.6,3.998,0.6359,0.0805,0.035
SC4172E0-PSG.edf,N1,0.5322,0.341,0.0539,0.0234,0.0582,151.2,4.031,0.3936,0.095,0.0276
SC4172E0-PSG.edf,N2,0.7902,0.1557,0.0328,0.0197,0.0175,123.5,3.759,0.6767,0.0539,0.0244
SC4172E0-PSG.edf,N3,0.904,0.0729,0.0173,0.0094,0.0063,146.0,3.3025,0.832,0.0278,0.0118
SC4172E0-PSG.edf,OTHER,0.791,0.1072,0.0307,0.0239,0.0532,346.15,3.991,0.7998,0.0403,0.0182
SC4172E0-PSG.edf,REM,0.7146,0.2174,0.0379,0.0166,0.0367,256.9,3.562,0.6903,0.0577,0.0214
SC4172E0-PSG.edf,Wake,0.7232,0.157,0.0455,0.0243,0.062,410.9,4.08,0.744,0.058,0.032
SC4181E0-PSG.edf,N1,0.6056,0.2814,0.0537,0.025,0.0487,146.0,2.928,0.4113,0.1411,0.0337
SC4181E0-PSG.edf,N2,0.7799,0.1599,0.0344,0.0201,0.0148,109.05,2.354,0.7048,0.0503,0.0241
SC4181E0-PSG.edf,N3,0.9319,0.0533,0.0098,0.0043,0.003,194.2,2.873,0.9024,0.0143,0.0059
SC4181E0-PSG.edf,REM,0.7082,0.2223,0.0362,0.0142,0.0247,173.85,1.625,0.6464,0.0665,0.025
SC4181E0-PSG.edf,Wake,0.8852,0.0698,0.0196,0.0109,0.0236,555.3,3.022,0.401,0.118,0.1
SC4182E0-PSG.edf,N1,0.5927,0.2672,0.0701,0.033,0.0619,113.3,2.36,0.4947,0.1125,0.0355
SC4182E0-PSG.edf,N2,0.7357,0.1768,0.0448,0.0292,0.0253,133.8,2.369,0.6618,0.0622,0.0322
SC4182E0-PSG.edf,N3,0.9382,0.0468,0.0099,0.0051,0.0039,194.35,2.381,0.9122,0.0131,0.0065
SC4182E0-PSG.edf,REM,0.6737,0.2069,0.0506,0.0217,0.04,225.1,2.367,0.6094,0.0983,0.0358
SC4182E0-PSG.edf,Wake,0.8566,0.08,0.0239,0.0149,0.0379,597.2,1.946,0.3926,0.1264,0.1005
SC4191E0-PSG.edf,N1,0.5948,0.1676,0.0857,0.0536,0.1289,131.1,1.7485,0.5221,0.1414,0.0779
SC4191E0-PSG.edf,N2,0.7067,0.128,0.0774,0.0914,0.0665,91.3,1.643,0.6871,0.0817,0.0786
SC4191E0-PSG.edf,N3,0.9012,0.0584,0.0289,0.0256,0.0124,134.05,1.503,0.9035,0.024,0.0195
SC4191E0-PSG.edf,REM,0.7616,0.144,0.0402,0.0229,0.0442,263.2,0.9035,0.649,0.0816,0.0432
SC4191E0-PSG.edf,Wake,0.7332,0.095,0.0514,0.0448,0.1182,362.9,2.817,0.5878,0.0948,0.0818
SC4192E0-PSG.edf,N1,0.644,0.1752,0.073,0.0496,0.109,112.5,3.492,0.5221,0.1316,0.0824
SC4192E0-PSG.edf,N2,0.7376,0.1169,0.0691,0.085,0.0579,88.1,3.1045,0.7028,0.0726,0.0741
SC4192E0-PSG.edf,N3,0.9002,0.0581,0.0236,0.0238,0.0134,98.0,3.2935,0.9042,0.0212,0.018
SC4192E0-PSG.edf,OTHER,0.689,0.0931,0.052,0.0728,0.2007,478.3,2.947,0.8429,0.0405,0.0281
SC4192E0-PSG.edf,REM,0.7046,0.1652,0.0511,0.0283,0.0538,168.2,2.328,0.6218,0.0927,0.0516
SC4192E0-PSG.edf,Wake,0.7593,0.091,0.045,0.0382,0.1031,183.1,3.5,0.551,0.1048,0.089
SC4201E0-PSG.edf,N1,0.7167,0.1049,0.0964,0.0658,0.0576,221.7,3.618,0.5097,0.1291,0.0696
SC4201E0-PSG.edf,N2,0.8022,0.0917,0.0601,0.0427,0.0366,79.9,3.559,0.7042,0.0733,0.046
SC4201E0-PSG.edf,N3,0.9402,0.0466,0.0092,0.0058,0.0048,88.35,1.216,0.9042,0.0097,0.0058
SC4201E0-PSG.edf,OTHER,0.9153,0.0218,0.0239,0.0195,0.0398,587.8,3.246,0.97,0.0067,0.0061
SC4201E0-PSG.edf,REM,0.8543,0.0763,0.0371,0.0208,0.0285,431.5,3.253,0.5255,0.1466,0.0755
SC4201E0-PSG.edf,Wake,0.8446,0.0874,0.0291,0.0176,0.0352,591.4,3.401,0.645,0.0754,0.0632
SC4202E0-PSG.edf,N1,0.5904,0.117,0.1186,0.0792,0.1442,412.45,3.2515,0.3679,0.1816,0.0828
SC4202E0-PSG.edf,N2,0.7481,0.0965,0.0692,0.0568,0.0798,90.7,3.237,0.7021,0.0707,0.0475
SC4202E0-PSG.edf,REM,0.7246,0.1031,0.0582,0.0378,0.1136,382.0,2.231,0.5325,0.1456,0.0742
SC4202E0-PSG.edf,Wake,0.8337,0.0978,0.0253,0.0155,0.0376,676.1,3.633,0.473,0.109,0.1021
SC4211E0-PSG.edf,N1,0.6583,0.1528,0.0696,0.0478,0.1117,96.5,1.9275,0.6432,0.0768,0.0434
SC4211E0-PSG.edf,N2,0.7759,0.1066,0.059,0.0507,0.0482,106.4,1.365,0.7543,0.0582,0.0393
SC4211E0-PSG.edf,N3,0.9137,0.0523,0.0239,0.013,0.01,138.0,1.775,0.9085,0.0224,0.011
SC4211E0-PSG.edf,OTHER,0.647,0.0642,0.0749,0.0764,0.2065,391.5,2.788,0.8402,0.0832,0.0438
SC4211E0-PSG.edf,REM,0.6792,0.1547,0.0559,0.0325,0.0907,128.1,0.489,0.6417,0.0951,0.0401
SC4211E0-PSG.edf,Wake,0.8348,0.0774,0.0272,0.0209,0.0602,565.4,3.392,0.42,0.1137,0.1033
SC4212E0-PSG.edf,N1,0.7199,0.1232,0.0689,0.0511,0.0737,95.2,2.429,0.6319,0.0923,0.0549
SC4212E0-PSG.edf,N2,0.8369,0.0925,0.0422,0.0322,0.0244,80.65,1.2305,0.7987,0.0481,0.0308
SC4212E0-PSG.edf,N3,0.9345,0.0427,0.0159,0.0085,0.0051,116.0,0.988,0.9166,0.0178,0.0092
SC4212E0-PSG.edf,REM,0.7503,0.1504,0.0449,0.0199,0.0376,161.8,0.199,0.6796,0.0823,0.0329
SC4212E0-PSG.edf,Wake,0.9033,0.0649,0.0136,0.0083,0.0172,530.3,2.91,0.4694,0.1057,0.0923
SC4221E0-PSG.edf,N1,0.704,0.1134,0.0774,0.0575,0.0912,121.6,2.885,0.8566,0.0237,0.0203
SC4221E0-PSG.edf,N2,0.8372,0.088,0.0402,0.0238,0.0316,142.9,2.453,0.8729,0.0216,0.0188
SC4221E0-PSG.edf,N3,0.9336,0.0502,0.013,0.0053,0.0064,183.55,3.021,0.8788,0.0182,0.0156
SC4221E0-PSG.edf,REM,0.588,0.1447,0.0973,0.0776,0.1571,160.95,1.1755,0.863,0.024,0.0219
SC4221E0-PSG.edf,Wake,0.7396,0.0977,0.042,0.0375,0.1178,716.7,3.063,0.9048,0.0164,0.0133
SC4222E0-PSG.edf,N1,0.6639,0.1235,0.082,0.059,0.1202,115.0,2.1185,0.5115,0.101,0.0626
SC4222E0-PSG.edf,N2,0.8049,0.1014,0.0512,0.0329,0.0391,113.5,1.655,0.6255,0.0699,0.0408
SC4222E0-PSG.edf,N3,0.9118,0.0598,0.0188,0.0084,0.0088,146.4,2.4095,0.7696,0.0355,0.0158
SC4222E0-PSG.edf,REM,0.6326,0.1407,0.0788,0.0635,0.1296,238.5,0.981,0.5176,0.1245,0.0673
SC4222E0-PSG.edf,Wake,0.757,0.0992,0.0391,0.0347,0.1038,646.3,3.017,0.3159,0.1224,0.1291
SC4231E0-PSG.edf,N1,0.7484,0.1078,0.0886,0.047,0.0407,225.3,3.177,0.6464,0.1077,0.0521
SC4231E0-PSG.edf,N2,0.7987,0.1106,0.0648,0.0292,0.0228,108.4,3.154,0.7424,0.0752,0.034
SC4231E0-PSG.edf,N3,0.9336,0.0416,0.0184,0.0054,0.004,128.5,3.166,0.8882,0.0308,0.0086
SC4231E0-PSG.edf,OTHER,0.7399,0.053,0.0795,0.0463,0.0785,761.9,2.99,0.794,0.0813,0.0365
SC4231E0-PSG.edf,REM,0.7241,0.1378,0.0817,0.0444,0.0474,390.7,3.0775,0.6396,0.0986,0.052
SC4231E0-PSG.edf,Wake,0.8974,0.0542,0.018,0.0119,0.027,786.6,2.9855,0.4918,0.1124,0.1044
SC4232E0-PSG.edf,N1,0.7388,0.1122,0.0866,0.0528,0.0479,138.15,2.901,0.7194,0.0782,0.0385
SC4232E0-PSG.edf,N2,0.715,0.1302,0.0968,0.0523,0.046,99.4,2.782,0.7178,0.0758,0.0398
SC4232E0-PSG.edf,N3,0.9047,0.0551,0.0323,0.0118,0.008,121.5,1.33,0.8656,0.038,0.0109
SC4232E0-PSG.edf,OTHER,0.4568,0.1101,0.1541,0.1064,0.2544,386.3,2.95,0.4825,0.2162,0.0793
SC4232E0-PSG.edf,REM,0.6901,0.1395,0.0896,0.0549,0.0711,377.6,2.793,0.63,0.0992,0.048
SC4232E0-PSG.edf,Wake,0.8497,0.0677,0.0271,0.0191,0.0484,716.95,2.908,0.5386,0.1113,0.0972
SC4241E0-PSG.edf,N1,0.7649,0.1099,0.0639,0.0354,0.0502,223.3,1.79,0.6724,0.1072,0.0446
SC4241E0-PSG.edf,N2,0.798,0.104,0.0492,0.0422,0.0381,75.7,0.6175,0.772,0.0522,0.036
SC4241E0-PSG.edf,N3,0.9381,0.0457,0.0124,0.0103,0.0064,92.7,0.4915,0.9235,0.0106,0.0066
SC4241E0-PSG.edf,OTHER,0.9222,0.0271,0.0198,0.0115,0.0314,736.5,3.7655,0.572,0.15,0.0686
SC4241E0-PSG.edf,REM,0.7565,0.1304,0.0546,0.0266,0.0392,380.6,0.3705,0.6848,0.084,0.0352
SC4241E0-PSG.edf,Wake,0.8625,0.0934,0.0174,0.0104,0.0228,740.5,4.155,0.4279,0.1066,0.0851
SC4242E0-PSG.edf,N1,0.5796,0.1166,0.1276,0.0607,0.1567,381.65,2.511,0.519,0.2268,0.061
SC4242E0-PSG.edf,N2,0.7382,0.1177,0.0645,0.0662,0.0639,118.0,0.833,0.7544,0.0593,0.0438
SC4242E0-PSG.edf,N3,0.9088,0.0651,0.0171,0.0149,0.0154,117.0,0.643,0.9189,0.0128,0.0075
SC4242E0-PSG.edf,REM,0.6352,0.1658,0.078,0.0409,0.0833,483.9,0.6285,0.6172,0.1141,0.0489
SC4242E0-PSG.edf,Wake,0.7813,0.1148,0.0332,0.0231,0.0623,974.8,4.012,0.4368,0.1059,0.083
SC4251E0-PSG.edf,N1,0.5661,0.1408,0.1147,0.0519,0.1612,182.95,3.222,0.4538,0.2309,0.0482
SC4251E0-PSG.edf,N2,0.8013,0.1162,0.0464,0.0329,0.0331,100.3,1.772,0.7372,0.0526,0.0331
SC4251E0-PSG.edf,N3,0.9114,0.0638,0.0202,0.0118,0.0072,182.7,1.48,0.8856,0.0234,0.0122
SC4251E0-PSG.edf,REM,0.7348,0.1436,0.0532,0.0298,0.0632,225.2,0.5365,0.6982,0.0646,0.0334
SC4251E0-PSG.edf,Wake,0.792,0.1011,0.0314,0.0231,0.0731,621.0,3.831,0.5131,0.1074,0.0773
SC4252E0-PSG.edf,N1,0.7596,0.1313,0.0506,0.0318,0.0537,117.2,2.878,0.6715,0.0658,0.0336
SC4252E0-PSG.edf,N2,0.7952,0.1217,0.0475,0.0358,0.0351,86.3,2.375,0.7385,0.0525,0.0349
SC4252E0-PSG.edf,N3,0.9034,0.0667,0.0212,0.0114,0.0079,104.1,2.805,0.8816,0.0224,0.0112
SC4252E0-PSG.edf,OTHER,0.8654,0.0551,0.0302,0.0262,0.0493,525.6,3.976,0.7383,0.0723,0.0529
SC4252E0-PSG.edf,REM,0.7425,0.1399,0.0524,0.0287,0.0554,244.5,0.4475,0.6882,0.0627,0.0314
SC4252E0-PSG.edf,Wake,0.7951,0.1075,0.0298,0.0218,0.0662,557.5,3.827,0.4945,0.1081,0.0804
SC4261F0-PSG.edf,N1,0.6538,0.1181,0.1137,0.0605,0.0938,95.3,3.718,0.6424,0.0984,0.0424
SC4261F0-PSG.edf,N2,0.6866,0.1207,0.1335,0.0578,0.0446,61.1,2.256,0.6817,0.0898,0.0432
SC4261F0-PSG.edf,N3,0.9072,0.0445,0.0432,0.0105,0.0057,83.3,0.8095,0.8627,0.0427,0.0124
SC4261F0-PSG.edf,REM,0.6596,0.1539,0.092,0.0438,0.0674,157.35,0.221,0.6115,0.074,0.033
SC4261F0-PSG.edf,Wake,0.8056,0.0982,0.0266,0.0207,0.0641,467.8,4.464,0.5579,0.084,0.0707
SC4262F0-PSG.edf,N1,0.5796,0.1393,0.1179,0.0721,0.1155,109.7,3.776,0.5799,0.1104,0.0502
SC4262F0-PSG.edf,N2,0.656,0.1221,0.1406,0.0672,0.0627,86.7,3.083,0.6452,0.1013,0.0495
SC4262F0-PSG.edf,N3,0.8808,0.0557,0.0594,0.0135,0.0068,99.4,1.74,0.8337,0.0547,0.0144
SC4262F0-PSG.edf,REM,0.5769,0.1741,0.118,0.057,0.1054,148.4,0.33,0.5559,0.0845,0.0355
SC4262F0-PSG.edf,Wake,0.776,0.1011,0.0329,0.0266,0.0846,485.5,4.304,0.5835,0.0836,0.0678
SC4271F0-PSG.edf,N1,0.6071,0.1476,0.1587,0.0864,0.088,139.35,3.794,0.547,0.1843,0.0701
SC4271F0-PSG.edf,N2,0.7132,0.123,0.1055,0.0514,0.0473,119.0,1.756,0.6316,0.1323,0.0502
SC4271F0-PSG.edf,N3,0.906,0.0488,0.034,0.0134,0.0108,154.1,1.414,0.7955,0.0583,0.0205
SC4271F0-PSG.edf,REM,0.541,0.1708,0.1456,0.0912,0.1368,212.55,0.5225,0.5309,0.1389,0.0708
SC4271F0-PSG.edf,Wake,0.7479,0.1058,0.053,0.0403,0.0834,602.3,4.0525,0.3952,0.1659,0.1298
SC4272F0-PSG.edf,N1,0.657,0.1351,0.1247,0.0732,0.0778,127.3,2.381,0.5921,0.1326,0.0569
SC4272F0-PSG.edf,N2,0.7217,0.1247,0.1055,0.0512,0.0457,113.2,1.827,0.6399,0.125,0.0491
SC4272F0-PSG.edf,N3,0.917,0.045,0.0292,0.0108,0.008,140.3,1.679,0.8264,0.0448,0.0148
SC4272F0-PSG.edf,REM,0.5773,0.1765,0.1298,0.0755,0.1085,140.1,0.318,0.5335,0.1484,0.0699
SC4272F0-PSG.edf,Wake,0.8235,0.0918,0.0353,0.0243,0.0444,586.8,4.023,0.5239,0.1202,0.09
SC4281G0-PSG.edf,N1,0.5526,0.1233,0.0878,0.0604,0.1733,137.6,3.873,0.6306,0.0951,0.0538
SC4281G0-PSG.edf,N2,0.8247,0.0963,0.0451,0.0288,0.0292,76.7,2.8595,0.7739,0.0542,0.0283
SC4281G0-PSG.edf,N3,0.9589,0.0288,0.0094,0.0044,0.0034,110.2,0.84,0.9108,0.0183,0.0078
SC4281G0-PSG.edf,REM,0.676,0.1936,0.0515,0.0311,0.0549,175.5,0.912,0.6827,0.0637,0.0337
SC4281G0-PSG.edf,Wake,0.8974,0.0516,0.0212,0.0125,0.0288,559.9,3.849,0.4534,0.1227,0.1038
SC4282G0-PSG.edf,N1,0.5408,0.1269,0.1137,0.0809,0.2192,134.4,2.988,0.5321,0.1323,0.0845
SC4282G0-PSG.edf,N2,0.8222,0.0928,0.0448,0.0274,0.0299,90.5,2.568,0.7709,0.0538,0.028
SC4282G0-PSG.edf,N3,0.9609,0.0286,0.0089,0.0043,0.0034,125.0,1.639,0.9333,0.0146,0.006
SC4282G0-PSG.edf,REM,0.6773,0.1854,0.0677,0.0376,0.0588,136.5,0.9525,0.7318,0.0554,0.028
SC4282G0-PSG.edf,Wake,0.8979,0.054,0.021,0.0119,0.0248,522.5,2.951,0.4158,0.1262,0.1076
SC4291G0-PSG.edf,N1,0.7016,0.1379,0.0966,0.0371,0.0526,145.7,1.849,0.5987,0.1338,0.0421
SC4291G0-PSG.edf,N2,0.7536,0.1309,0.0754,0.037,0.031,104.7,1.488,0.6755,0.1015,0.045
SC4291G0-PSG.edf,N3,0.9272,0.0466,0.018,0.0089,0.007,182.2,1.3265,0.8734,0.0332,0.0117
SC4291G0-PSG.edf,REM,0.7082,0.203,0.0421,0.0194,0.0276,258.7,0.683,0.6544,0.0664,0.0314
SC4291G0-PSG.edf,Wake,0.8649,0.0761,0.0252,0.0137,0.0295,672.3,3.096,0.4969,0.1154,0.066
SC4292G0-PSG.edf,N1,0.6665,0.1818,0.0851,0.0405,0.0527,119.5,1.459,0.5956,0.1153,0.0392
SC4292G0-PSG.edf,N2,0.7439,0.1386,0.0762,0.0356,0.0286,115.2,1.322,0.6605,0.1001,0.0402
SC4292G0-PSG.edf,N3,0.9308,0.0452,0.0165,0.0074,0.0057,205.35,0.7415,0.8716,0.0304,0.0107
SC4292G0-PSG.edf,OTHER,0.8844,0.047,0.0348,0.0152,0.0305,842.4,2.143,0.7247,0.0689,0.0288
SC4292G0-PSG.edf,REM,0.6968,0.2026,0.0489,0.0205,0.0277,366.25,0.6565,0.6487,0.069,0.027
SC4292G0-PSG.edf,Wake,0.8597,0.0786,0.0271,0.0147,0.0311,713.0,2.986,0.5106,0.1098,0.0639
SC4301E0-PSG.edf,N1,0.5758,0.1744,0.0881,0.0549,0.1123,140.0,2.613,0.5278,0.1334,0.0782
SC4301E0-PSG.edf,N2,0.7452,0.1348,0.0667,0.0452,0.0508,107.3,2.52,0.6235,0.0927,0.0506
SC4301E0-PSG.edf,N3,0.8618,0.0804,0.0378,0.0224,0.0185,124.95,2.4315,0.7829,0.0514,0.026
SC4301E0-PSG.edf,OTHER,0.848,0.0319,0.0358,0.0291,0.0862,493.15,4.1225,0.9687,0.0108,0.0087
SC4301E0-PSG.edf,REM,0.5712,0.1982,0.074,0.0407,0.1295,273.3,1.404,0.5092,0.1566,0.0926
SC4301E0-PSG.edf,Wake,0.7984,0.0841,0.0367,0.0273,0.0774,797.6,3.9935,0.5322,0.1202,0.0961
SC4302E0-PSG.edf,N1,0.5848,0.1768,0.0876,0.0604,0.1464,153.15,3.805,0.5084,0.1352,0.0797
SC4302E0-PSG.edf,N2,0.7218,0.1494,0.0701,0.0492,0.0548,99.9,3.806,0.6124,0.095,0.0506
SC4302E0-PSG.edf,N3,0.8672,0.0829,0.0362,0.0203,0.0164,108.4,3.254,0.7416,0.0525,0.0229
SC4302E0-PSG.edf,REM,0.5287,0.2216,0.0832,0.0413,0.1334,226.8,3.823,0.4956,0.1688,0.0927
SC4302E0-PSG.edf,Wake,0.7318,0.098,0.0488,0.0382,0.1153,672.5,3.729,0.479,0.1265,0.0989
SC4311E0-PSG.edf,N1,0.3946,0.1211,0.1604,0.1002,0.2908,133.7,1.492,0.4756,0.1843,0.0749
SC4311E0-PSG.edf,N2,0.7239,0.1362,0.0625,0.0494,0.0698,101.3,0.9355,0.6511,0.0832,0.0529
SC4311E0-PSG.edf,N3,0.8886,0.0697,0.023,0.0158,0.0168,128.6,1.128,0.8469,0.03,0.0176
SC4311E0-PSG.edf,REM,0.5519,0.1386,0.0772,0.0494,0.19,285.95,0.3775,0.5704,0.1131,0.06
SC4311E0-PSG.edf,Wake,0.6965,0.09,0.0563,0.0456,0.159,494.7,2.84,0.319,0.1502,0.1097
SC4312E0-PSG.edf,N1,0.6552,0.1428,0.0916,0.0528,0.1135,85.5,2.773,0.5958,0.1206,0.0472
SC4312E0-PSG.edf,N2,0.7911,0.1218,0.046,0.032,0.0383,82.15,2.35,0.6957,0.0662,0.043
SC4312E0-PSG.edf,N3,0.9128,0.062,0.0147,0.0102,0.0097,115.0,2.023,0.874,0.0221,0.0148
SC4312E0-PSG.edf,REM,0.6969,0.1437,0.0512,0.0301,0.0954,217.3,2.401,0.6486,0.085,0.0436
SC4312E0-PSG.edf,Wake,0.8495,0.0721,0.026,0.0177,0.0558,491.1,2.829,0.3401,0.1387,0.1074
SC4321E0-PSG.edf,N1,0.7214,0.1507,0.0762,0.0374,0.0422,82.85,0.682,0.6794,0.0878,0.04
SC4321E0-PSG.edf,N2,0.7676,0.1351,0.0602,0.0297,0.0282,81.25,0.178,0.7617,0.0666,0.0292
SC4321E0-PSG.edf,OTHER,0.707,0.1423,0.0675,0.0419,0.0866,709.2,2.453,0.5085,0.1028,0.0766
SC4321E0-PSG.edf,REM,0.7946,0.1087,0.0466,0.0196,0.0372,394.2,0.1515,0.6699,0.0926,0.031
SC4321E0-PSG.edf,Wake,0.8505,0.0731,0.0294,0.0167,0.0417,446.1,2.792,0.7111,0.0701,0.0426
SC4322E0-PSG.edf,N1,0.5754,0.1648,0.131,0.0588,0.114,153.5,1.0575,0.5568,0.1406,0.0457
SC4322E0-PSG.edf,N2,0.6912,0.1648,0.0835,0.0437,0.048,101.6,0.622,0.6822,0.0868,0.0407
SC4322E0-PSG.edf,N3,0.8473,0.106,0.0396,0.0098,0.0095,144.4,0.279,0.8272,0.0455,0.0125
SC4322E0-PSG.edf,REM,0.7015,0.1425,0.0672,0.0301,0.0684,283.4,0.43,0.5986,0.1176,0.0392
SC4322E0-PSG.edf,Wake,0.7601,0.0917,0.0456,0.0314,0.0972,478.8,3.41,0.6742,0.0773,0.0508
SC4331F0-PSG.edf,N1,0.8181,0.1073,0.0424,0.021,0.0246,87.8,2.39,0.7622,0.0596,0.0252
SC4331F0-PSG.edf,N2,0.8549,0.0898,0.0366,0.0206,0.017,75.2,1.97,0.8273,0.0429,0.0221
SC4331F0-PSG.edf,OTHER,0.8471,0.0537,0.0285,0.0201,0.0717,789.1,2.977,0.8331,0.0438,0.0152
SC4331F0-PSG.edf,REM,0.7392,0.144,0.0561,0.0205,0.0358,137.0,1.1955,0.6884,0.0945,0.03
SC4331F0-PSG.edf,Wake,0.8519,0.0679,0.0264,0.0166,0.0485,548.0,3.8295,0.5491,0.1018,0.0684
SC4332F0-PSG.edf,N1,0.6679,0.1285,0.0938,0.0417,0.0927,112.7,1.676,0.6448,0.116,0.0412
SC4332F0-PSG.edf,N2,0.8014,0.1107,0.0504,0.0331,0.0334,98.2,1.6245,0.7772,0.0541,0.0304
SC4332F0-PSG.edf,OTHER,0.5276,0.0929,0.0968,0.0764,0.2842,978.05,2.0865,0.7026,0.0865,0.0569
SC4332F0-PSG.edf,REM,0.7019,0.1532,0.0686,0.0289,0.0577,205.35,1.65,0.6414,0.1051,0.0459
SC4332F0-PSG.edf,Wake,0.6878,0.0916,0.0595,0.0486,0.1555,602.9,1.863,0.4888,0.1124,0.0827
SC4341F0-PSG.edf,N1,0.7598,0.1045,0.0579,0.0411,0.0724,197.25,0.684,0.7619,0.066,0.0379
SC4341F0-PSG.edf,N2,0.809,0.1075,0.0473,0.0284,0.0325,70.9,0.28,0.8003,0.0465,0.0271
SC4341F0-PSG.edf,REM,0.7428,0.135,0.0561,0.029,0.0474,169.65,0.147,0.7623,0.0588,0.032
SC4341F0-PSG.edf,Wake,0.8983,0.0761,0.0116,0.0058,0.0122,793.0,2.752,0.5131,0.1026,0.0759
SC4342F0-PSG.edf,N1,0.7313,0.1212,0.0666,0.0377,0.0874,248.3,3.2955,0.712,0.071,0.0427
SC4342F0-PSG.edf,N2,0.807,0.1173,0.0449,0.0264,0.0258,70.4,3.285,0.7772,0.0506,0.028
SC4342F0-PSG.edf,REM,0.7472,0.1528,0.0544,0.0232,0.0431,357.1,3.3015,0.7482,0.0648,0.0318
SC4342F0-PSG.edf,Wake,0.9159,0.0634,0.0103,0.0052,0.0098,828.8,3.2725,0.5403,0.0988,0.0696
SC4351F0-PSG.edf,N1,0.7167,0.1051,0.1188,0.0439,0.0453,108.55,1.7735,0.6236,0.1772,0.0591
SC4351F0-PSG.edf,N2,0.882,0.0793,0.0284,0.0134,0.0111,147.1,0.9,0.8219,0.0449,0.0185
SC4351F0-PSG.edf,N3,0.9532,0.0328,0.0094,0.0046,0.0036,178.85,0.883,0.9136,0.0156,0.0066
SC4351F0-PSG.edf,REM,0.7613,0.1324,0.067,0.0338,0.0432,108.35,0.249,0.7011,0.0674,0.0308
SC4351F0-PSG.edf,Wake,0.7981,0.0893,0.0495,0.0325,0.0552,140.1,2.686,0.6112,0.1412,0.0798
SC4352F0-PSG.edf,N1,0.6124,0.1362,0.1507,0.066,0.0746,100.0,3.2875,0.5158,0.2149,0.0643
SC4352F0-PSG.edf,N2,0.8344,0.1048,0.0369,0.0212,0.0212,98.35,2.236,0.7699,0.0548,0.026
SC4352F0-PSG.edf,N3,0.9328,0.0435,0.0126,0.0068,0.0064,128.5,2.415,0.8926,0.022,0.0092
SC4352F0-PSG.edf,OTHER,0.8548,0.0385,0.046,0.0275,0.0612,321.2,1.9275,0.8258,0.0734,0.0286
SC4352F0-PSG.edf,REM,0.708,0.1477,0.0842,0.0419,0.0465,121.7,0.928,0.6676,0.097,0.0446
SC4352F0-PSG.edf,Wake,0.713,0.1149,0.0685,0.0491,0.1035,299.9,3.233,0.4786,0.2006,0.1154
SC4362F0-PSG.edf,N1,0.6665,0.1627,0.0628,0.0394,0.0914,59.4,1.619,0.6386,0.0928,0.0369
SC4362F0-PSG.edf,N2,0.8315,0.104,0.0301,0.0251,0.0313,59.4,0.569,0.7941,0.0393,0.0295
SC4362F0-PSG.edf,N3,0.9056,0.07,0.0152,0.0095,0.0102,60.8,0.317,0.9004,0.016,0.0092
SC4362F0-PSG.edf,REM,0.6382,0.1637,0.076,0.0388,0.0864,57.4,0.9345,0.6353,0.1084,0.033
SC4362F0-PSG.edf,Wake,0.7123,0.0979,0.0549,0.0425,0.1288,350.05,4.435,0.3597,0.1669,0.1166
SC4371F0-PSG.edf,N1,0.8192,0.0726,0.0332,0.0268,0.075,80.4,3.827,0.7421,0.052,0.0298
SC4371F0-PSG.edf,N2,0.8956,0.057,0.0199,0.0163,0.0258,61.7,2.1115,0.8008,0.043,0.024
SC4371F0-PSG.edf,N3,0.9525,0.0332,0.0089,0.006,0.0076,79.9,1.04,0.899,0.0259,0.0131
SC4371F0-PSG.edf,REM,0.8822,0.066,0.0198,0.0102,0.0217,160.2,0.227,0.6909,0.0579,0.0245
SC4371F0-PSG.edf,Wake,0.8769,0.0727,0.0136,0.009,0.0298,379.8,4.6205,0.5008,0.0986,0.0844
SC4372F0-PSG.edf,N1,0.76,0.0892,0.0422,0.0381,0.1055,85.25,1.6065,0.6938,0.064,0.038
SC4372F0-PSG.edf,N2,0.8439,0.072,0.0298,0.0246,0.0514,88.1,1.03,0.758,0.0534,0.0282
SC4372F0-PSG.edf,N3,0.9515,0.0302,0.0076,0.005,0.0109,89.2,0.4865,0.8856,0.0234,0.0108
SC4372F0-PSG.edf,REM,0.7728,0.0993,0.0416,0.025,0.0802,241.8,0.404,0.6405,0.0743,0.0331
SC4372F0-PSG.edf,Wake,0.776,0.0928,0.0337,0.0291,0.0945,454.5,4.91,0.5191,0.0967,0.0783
SC4381F0-PSG.edf,N1,0.6558,0.1214,0.0941,0.057,0.1082,58.2,0.685,0.6522,0.0953,0.0466
SC4381F0-PSG.edf,N2,0.7955,0.1008,0.0462,0.0444,0.0473,55.1,0.3565,0.752,0.0514,0.0389
SC4381F0-PSG.edf,N3,0.9298,0.0528,0.0131,0.0093,0.0068,70.85,0.317,0.8985,0.0179,0.0116
SC4381F0-PSG.edf,REM,0.6889,0.1639,0.067,0.037,0.0707,162.05,0.166,0.6937,0.085,0.0369
SC4381F0-PSG.edf,Wake,0.7576,0.1105,0.0426,0.0322,0.0814,375.6,3.001,0.4008,0.1276,0.0931
SC4382F0-PSG.edf,N1,0.6168,0.1084,0.0962,0.0601,0.1508,108.1,1.745,0.5543,0.1393,0.0647
SC4382F0-PSG.edf,N2,0.7602,0.109,0.0558,0.0592,0.0655,90.4,0.887,0.677,0.0715,0.059
SC4382F0-PSG.edf,N3,0.9231,0.05,0.0144,0.0101,0.0082,109.1,0.786,0.8732,0.0254,0.0133
SC4382F0-PSG.edf,REM,0.6457,0.1621,0.0811,0.0484,0.0958,179.7,1.328,0.5929,0.116,0.057
SC4382F0-PSG.edf,Wake,0.6339,0.1156,0.0689,0.0568,0.1732,575.3,2.939,0.3591,0.1456,0.1033
SC4401E0-PSG.edf,N1,0.7685,0.1223,0.0699,0.0306,0.0322,98.8,1.978,0.5162,0.0845,0.0335
SC4401E0-PSG.edf,N2,0.8665,0.0787,0.0362,0.0178,0.0159,96.5,2.182,0.6913,0.0572,0.0239
SC4401E0-PSG.edf,N3,0.9162,0.049,0.022,0.0078,0.0073,107.3,2.4515,0.7255,0.0418,0.0195
SC4401E0-PSG.edf,REM,0.6956,0.1713,0.0999,0.034,0.0408,355.8,0.3065,0.5297,0.1011,0.0388
SC4401E0-PSG.edf,Wake,0.7877,0.0937,0.066,0.0259,0.0534,396.45,3.118,0.3508,0.1678,0.1021
SC4402E0-PSG.edf,N1,0.6221,0.191,0.1062,0.0414,0.066,143.65,2.469,0.3568,0.1322,0.0424
SC4402E0-PSG.edf,N2,0.8039,0.109,0.0577,0.0277,0.0284,112.5,1.453,0.6069,0.0751,0.0306
SC4402E0-PSG.edf,N3,0.8895,0.066,0.0319,0.015,0.0125,144.1,2.461,0.7372,0.0417,0.017
SC4402E0-PSG.edf,REM,0.5841,0.2324,0.1219,0.0411,0.0503,184.95,0.5475,0.4442,0.121,0.0441
SC4402E0-PSG.edf,Wake,0.7235,0.0967,0.0807,0.04,0.0914,502.5,3.214,0.3581,0.1821,0.1041
SC4411E0-PSG.edf,N1,0.7312,0.1246,0.0878,0.0309,0.0494,134.6,4.576,0.6587,0.1114,0.0298
SC4411E0-PSG.edf,N2,0.8028,0.1155,0.0544,0.0262,0.0232,103.1,3.704,0.7662,0.0648,0.0234
SC4411E0-PSG.edf,N3,0.9285,0.0499,0.0159,0.008,0.0068,121.85,3.7245,0.8979,0.0214,0.0088
SC4411E0-PSG.edf,REM,0.6533,0.184,0.0895,0.0405,0.0674,149.85,1.7405,0.5921,0.1088,0.0416
SC4411E0-PSG.edf,Wake,0.7051,0.0893,0.0568,0.0453,0.1483,535.0,6.618,0.4948,0.1119,0.0806
SC4412E0-PSG.edf,N1,0.7119,0.1441,0.084,0.0362,0.0488,235.1,2.6745,0.6712,0.1025,0.0313
SC4412E0-PSG.edf,N2,0.7604,0.144,0.0682,0.0286,0.0262,122.45,2.7825,0.739,0.0733,0.0241
SC4412E0-PSG.edf,N3,0.8926,0.0794,0.0227,0.0118,0.01,134.8,2.2035,0.862,0.0241,0.0096
SC4412E0-PSG.edf,OTHER,0.5066,0.1193,0.1354,0.0946,0.2402,51.1,0.018,0.2954,0.1345,0.1283
SC4412E0-PSG.edf,REM,0.6674,0.1924,0.079,0.0353,0.0618,290.0,1.703,0.574,0.1172,0.0382
SC4412E0-PSG.edf,Wake,0.7296,0.0891,0.0525,0.0385,0.1189,638.4,3.628,0.7627,0.0483,0.0316
SC4421E0-PSG.edf,N1,0.5392,0.1627,0.1518,0.0966,0.129,153.85,2.973,0.4618,0.1644,0.0879
SC4421E0-PSG.edf,N2,0.7453,0.1336,0.0728,0.0495,0.0499,97.3,2.909,0.6016,0.1059,0.06
SC4421E0-PSG.edf,N3,0.8784,0.0802,0.0253,0.0194,0.0174,131.1,2.528,0.7708,0.054,0.0298
SC4421E0-PSG.edf,REM,0.596,0.1748,0.1006,0.0714,0.1194,177.9,0.8345,0.5082,0.1624,0.0928
SC4421E0-PSG.edf,Wake,0.8696,0.0608,0.0215,0.015,0.0395,717.65,3.013,0.2558,0.1484,0.1346
SC4422E0-PSG.edf,N1,0.4453,0.1394,0.1784,0.0994,0.2065,121.2,2.927,0.3807,0.2234,0.1089
SC4422E0-PSG.edf,N2,0.778,0.1254,0.0566,0.0382,0.0369,96.65,2.867,0.6407,0.0909,0.05
SC4422E0-PSG.edf,N3,0.8976,0.0704,0.0194,0.0144,0.0126,130.7,2.8525,0.7905,0.0474,0.024
SC4422E0-PSG.edf,REM,0.6279,0.1827,0.096,0.0582,0.0977,162.5,0.9445,0.5342,0.1537,0.0832
SC4422E0-PSG.edf,Wake,0.8924,0.0566,0.015,0.0105,0.0284,706.3,2.893,0.3546,0.1417,0.1182
SC4431E0-PSG.edf,N1,0.7113,0.1067,0.0659,0.0551,0.1068,122.9,2.905,0.5844,0.0951,0.0568
SC4431E0-PSG.edf,N2,0.8404,0.0865,0.0375,0.0258,0.0382,116.1,3.066,0.6724,0.0678,0.0342
SC4431E0-PSG.edf,N3,0.926,0.0464,0.0161,0.0098,0.0118,144.25,2.5415,0.7753,0.0419,0.0179
SC4431E0-PSG.edf,OTHER,0.4149,0.1313,0.1155,0.1054,0.3387,49.4,3.392,0.3114,0.1305,0.1267
SC4431E0-PSG.edf,REM,0.6064,0.1616,0.0767,0.0487,0.1321,121.1,1.682,0.5757,0.1129,0.0628
SC4431E0-PSG.edf,Wake,0.641,0.0917,0.0519,0.049,0.2145,666.85,3.372,0.3713,0.142,0.1084
SC4432E0-PSG.edf,N1,0.5802,0.0937,0.0716,0.0607,0.2686,112.2,1.477,0.5562,0.0876,0.0659
SC4432E0-PSG.edf,N2,0.7778,0.1063,0.0511,0.0368,0.0559,99.7,0.946,0.6426,0.0788,0.0397
SC4432E0-PSG.edf,N3,0.9222,0.0499,0.0157,0.0107,0.0132,135.65,0.945,0.7893,0.0402,0.0198
SC4432E0-PSG.edf,REM,0.6013,0.1656,0.0803,0.0565,0.1395,121.0,0.935,0.566,0.1114,0.0625
SC4432E0-PSG.edf,Wake,0.768,0.0978,0.0377,0.0296,0.0947,678.5,3.291,0.3345,0.1577,0.121
SC4441E0-PSG.edf,N1,0.6073,0.1468,0.1134,0.0846,0.1248,150.4,2.572,0.5528,0.1385,0.0721
SC4441E0-PSG.edf,N2,0.693,0.1419,0.0807,0.0606,0.0783,156.1,1.801,0.6339,0.104,0.0595
SC4441E0-PSG.edf,N3,0.8844,0.0675,0.0275,0.017,0.0195,177.4,1.721,0.8308,0.0367,0.0204
SC4441E0-PSG.edf,REM,0.497,0.167,0.1148,0.0838,0.2006,301.4,1.341,0.527,0.1422,0.08
SC4441E0-PSG.edf,Wake,0.647,0.0919,0.0626,0.0585,0.197,632.1,3.035,0.4278,0.1609,0.1099
SC4442E0-PSG.edf,N1,0.6622,0.1439,0.1007,0.0675,0.1005,161.05,2.991,0.5558,0.1355,0.0668
SC4442E0-PSG.edf,N2,0.7292,0.1326,0.0699,0.0522,0.0656,157.6,1.1465,0.6764,0.089,0.0492
SC4442E0-PSG.edf,N3,0.903,0.0629,0.0202,0.0127,0.013,189.6,1.23,0.8738,0.0274,0.013
SC4442E0-PSG.edf,REM,0.487,0.208,0.1304,0.0836,0.1749,179.7,0.363,0.5159,0.1446,0.0735
SC4442E0-PSG.edf,Wake,0.6981,0.089,0.053,0.048,0.1582,680.1,3.3865,0.4442,0.1572,0.1061
SC4451F0-PSG.edf,N1,0.4896,0.1243,0.1088,0.0933,0.2488,154.8,3.15,0.4517,0.1502,0.0963
SC4451F0-PSG.edf,N2,0.8324,0.0723,0.0492,0.04,0.0454,136.9,3.123,0.721,0.0612,0.0406
SC4451F0-PSG.edf,N3,0.9473,0.0321,0.0137,0.0059,0.0066,219.8,2.592,0.8802,0.0175,0.0077
SC4451F0-PSG.edf,REM,0.666,0.1765,0.0542,0.0351,0.0744,337.1,0.718,0.5378,0.1291,0.0678
SC4451F0-PSG.edf,Wake,0.599,0.1118,0.0704,0.0631,0.2155,516.8,3.283,0.3931,0.1262,0.1236
SC4452F0-PSG.edf,N1,0.6096,0.1087,0.091,0.0748,0.1762,175.25,3.275,0.4854,0.1473,0.0948
SC4452F0-PSG.edf,N2,0.847,0.0686,0.0416,0.0322,0.041,118.3,3.2915,0.6726,0.0638,0.0438
SC4452F0-PSG.edf,N3,0.9458,0.0349,0.0132,0.006,0.0056,181.6,3.264,0.8756,0.0173,0.0078
SC4452F0-PSG.edf,REM,0.6926,0.1532,0.0531,0.0339,0.0707,363.7,0.819,0.5436,0.1291,0.0746
SC4452F0-PSG.edf,Wake,0.6394,0.1073,0.0627,0.0549,0.1902,500.3,3.395,0.3838,0.1253,0.1233
SC4461F0-PSG.edf,N1,0.7596,0.1056,0.0586,0.0378,0.0764,85.25,2.2125,0.6486,0.088,0.0417
SC4461F0-PSG.edf,N2,0.8636,0.0846,0.032,0.0185,0.019,74.9,0.761,0.7861,0.0491,0.025
SC4461F0-PSG.edf,N3,0.9404,0.0449,0.0119,0.0065,0.0057,91.5,0.58,0.9001,0.0187,0.0063
SC4461F0-PSG.edf,OTHER,0.3319,0.157,0.158,0.1048,0.3574,329.7,2.685,0.8256,0.052,0.0182
SC4461F0-PSG.edf,REM,0.7385,0.142,0.0526,0.0299,0.063,173.15,0.395,0.6484,0.0885,0.0369
SC4461F0-PSG.edf,Wake,0.8308,0.0998,0.0208,0.0136,0.0426,577.1,3.54,0.3326,0.1395,0.125
SC4462F0-PSG.edf,N1,0.7543,0.1084,0.0679,0.0432,0.0763,74.0,1.428,0.6149,0.0918,0.046
SC4462F0-PSG.edf,N2,0.8517,0.0919,0.0345,0.0214,0.0198,69.0,0.7325,0.755,0.056,0.0298
SC4462F0-PSG.edf,N3,0.9312,0.0476,0.0147,0.0064,0.0062,104.2,0.601,0.9025,0.02,0.0073
SC4462F0-PSG.edf,OTHER,0.4718,0.1241,0.1396,0.1014,0.2676,264.85,3.2785,0.9164,0.0207,0.0086
SC4462F0-PSG.edf,REM,0.7748,0.123,0.0392,0.0231,0.0499,186.35,0.411,0.6501,0.0875,0.0377
SC4462F0-PSG.edf,Wake,0.8133,0.1021,0.0243,0.0169,0.0573,552.1,3.567,0.2992,0.1339,0.1275
SC4471F0-PSG.edf,N1,0.7144,0.0938,0.0736,0.0669,0.1115,119.5,2.9985,0.5426,0.1172,0.0648
SC4471F0-PSG.edf,N2,0.8526,0.0732,0.0368,0.0269,0.0385,114.5,2.089,0.7039,0.0643,0.0318
SC4471F0-PSG.edf,N3,0.9349,0.0419,0.013,0.0075,0.0089,151.0,1.407,0.8345,0.0277,0.012
SC4471F0-PSG.edf,OTHER,0.869,0.0227,0.0254,0.0304,0.0852,225.4,2.901,0.9659,0.0111,0.0105
SC4471F0-PSG.edf,REM,0.5619,0.1642,0.1012,0.0784,0.1621,109.75,1.124,0.576,0.1464,0.0802
SC4471F0-PSG.edf,Wake,0.7846,0.0972,0.036,0.0285,0.0779,440.9,3.093,0.4926,0.1527,0.0998
SC4472F0-PSG.edf,N1,0.7022,0.0956,0.079,0.0689,0.1146,116.8,2.635,0.6208,0.1117,0.0697
SC4472F0-PSG.edf,N2,0.9006,0.0527,0.0246,0.0156,0.022,108.2,2.287,0.782,0.0456,0.0263
SC4472F0-PSG.edf,N3,0.9526,0.0312,0.0079,0.0047,0.0049,139.9,2.3065,0.9014,0.0134,0.0066
SC4472F0-PSG.edf,OTHER,0.9008,0.0367,0.0336,0.0237,0.0304,270.3,3.001,0.831,0.0674,0.0303
SC4472F0-PSG.edf,REM,0.6637,0.1398,0.0717,0.0531,0.106,132.4,1.432,0.671,0.0955,0.0575
SC4472F0-PSG.edf,Wake,0.8425,0.0778,0.0288,0.0204,0.0456,403.4,2.77,0.5996,0.1176,0.0699
SC4481F0-PSG.edf,N1,0.5395,0.1183,0.1281,0.0851,0.2049,164.1,3.109,0.5415,0.1512,0.0745
SC4481F0-PSG.edf,N2,0.8199,0.0822,0.0472,0.0462,0.0476,90.9,2.612,0.7382,0.0631,0.0519
SC4481F0-PSG.edf,N3,0.9412,0.0333,0.018,0.0098,0.008,112.7,1.312,0.901,0.0226,0.0129
SC4481F0-PSG.edf,REM,0.6909,0.1296,0.0706,0.051,0.0958,180.9,0.4975,0.6362,0.0912,0.054
SC4481F0-PSG.edf,Wake,0.8463,0.0652,0.0256,0.0206,0.0599,655.7,3.244,0.3321,0.1288,0.1348
SC4482F0-PSG.edf,N1,0.5681,0.1346,0.1146,0.0849,0.1614,150.9,2.48,0.6094,0.1134,0.0673
SC4482F0-PSG.edf,N2,0.7598,0.1044,0.0621,0.0584,0.0707,111.6,2.0815,0.6884,0.0774,0.0658
SC4482F0-PSG.edf,N3,0.921,0.0436,0.0258,0.0124,0.0109,163.3,1.3525,0.8872,0.0266,0.0146
SC4482F0-PSG.edf,REM,0.6166,0.1562,0.0882,0.0627,0.1296,172.0,0.4,0.5611,0.1224,0.0694
SC4482F0-PSG.edf,Wake,0.7277,0.085,0.0481,0.0439,0.1381,725.05,3.174,0.3398,0.1329,0.1388
SC4491G0-PSG.edf,N1,0.6548,0.1104,0.0993,0.0661,0.1291,124.9,4.259,0.5336,0.1318,0.0728
SC4491G0-PSG.edf,N2,0.7845,0.0975,0.0782,0.0511,0.0403,135.65,3.805,0.6402,0.1106,0.0622
SC4491G0-PSG.edf,N3,0.9072,0.0613,0.0295,0.0118,0.0071,203.15,4.2085,0.783,0.0458,0.0176
SC4491G0-PSG.edf,REM,0.7014,0.1322,0.07,0.0432,0.092,392.25,0.746,0.5816,0.1306,0.0782
SC4491G0-PSG.edf,Wake,0.7255,0.1141,0.0555,0.0427,0.1043,742.6,4.47,0.366,0.1569,0.1347
SC4492G0-PSG.edf,N1,0.6959,0.1003,0.0911,0.0641,0.1107,154.6,3.561,0.5577,0.1203,0.0676
SC4492G0-PSG.edf,N2,0.7814,0.0953,0.0762,0.0528,0.0378,143.55,3.543,0.6544,0.1032,0.0599
SC4492G0-PSG.edf,N3,0.8902,0.0618,0.0393,0.0152,0.0089,175.1,3.552,0.786,0.0633,0.0244
SC4492G0-PSG.edf,OTHER,0.875,0.0404,0.0319,0.0187,0.0532,534.6,3.259,0.9349,0.0189,0.01
SC4492G0-PSG.edf,REM,0.7015,0.1289,0.0706,0.0439,0.0853,440.2,3.589,0.6161,0.1061,0.0679
SC4492G0-PSG.edf,Wake,0.6958,0.1118,0.0621,0.0482,0.1254,595.8,3.545,0.269,0.1618,0.1439
SC4501E0-PSG.edf,N1,0.6462,0.1464,0.1281,0.0792,0.0839,160.0,3.12,0.4916,0.1424,0.095
SC4501E0-PSG.edf,N2,0.7696,0.1109,0.0795,0.0448,0.0403,101.1,0.8185,0.5995,0.1142,0.0714
SC4501E0-PSG.edf,N3,0.9173,0.0526,0.0238,0.0094,0.0076,89.2,0.6525,0.6925,0.066,0.0412
SC4501E0-PSG.edf,REM,0.6128,0.127,0.1292,0.0908,0.1101,171.2,0.575,0.5377,0.143,0.0929
SC4501E0-PSG.edf,Wake,0.8301,0.0809,0.0358,0.0258,0.0504,390.1,3.416,0.6092,0.0968,0.06
SC4502E0-PSG.edf,N1,0.6382,0.1423,0.1342,0.0835,0.0898,196.65,2.441,0.4958,0.2076,0.1082
SC4502E0-PSG.edf,N2,0.7157,0.1261,0.0945,0.0537,0.0555,120.6,1.013,0.6207,0.1371,0.0727
SC4502E0-PSG.edf,N3,0.8494,0.0819,0.0367,0.0201,0.0199,133.4,0.897,0.848,0.0448,0.0196
SC4502E0-PSG.edf,REM,0.5675,0.1389,0.1432,0.1017,0.1356,280.4,1.173,0.5096,0.2045,0.1167
SC4502E0-PSG.edf,Wake,0.8451,0.0807,0.0275,0.0208,0.0464,520.95,3.4935,0.4514,0.1666,0.1206
SC4511E0-PSG.edf,N1,0.7424,0.0967,0.0725,0.0435,0.08,112.8,1.889,0.6857,0.0817,0.0429
SC4511E0-PSG.edf,N2,0.8588,0.0764,0.0353,0.0241,0.028,93.9,1.2805,0.835,0.0386,0.0222
SC4511E0-PSG.edf,N3,0.9644,0.0259,0.0083,0.0035,0.0038,106.1,1.18,0.9384,0.0133,0.0074
SC4511E0-PSG.edf,REM,0.7707,0.0763,0.05,0.0338,0.089,265.35,0.189,0.6866,0.0736,0.0392
SC4511E0-PSG.edf,Wake,0.7773,0.0629,0.0348,0.0305,0.1238,518.1,2.9975,0.542,0.0904,0.0779
SC4512E0-PSG.edf,N1,0.7911,0.1046,0.0531,0.0342,0.0534,93.4,2.151,0.7621,0.0604,0.0299
SC4512E0-PSG.edf,N2,0.8541,0.0768,0.0367,0.0242,0.0299,84.8,1.795,0.8263,0.0416,0.0237
SC4512E0-PSG.edf,N3,0.9623,0.0236,0.0095,0.0045,0.0052,110.5,1.91,0.9182,0.0153,0.0074
SC4512E0-PSG.edf,REM,0.7667,0.0933,0.0559,0.0335,0.0897,250.35,0.31,0.6742,0.0771,0.0394
SC4512E0-PSG.edf,Wake,0.8228,0.0611,0.0284,0.0234,0.0911,505.2,2.8705,0.5404,0.0942,0.0803
SC4522E0-PSG.edf,N1,0.7569,0.1174,0.0728,0.0314,0.0513,80.4,2.879,0.5362,0.1112,0.0399
SC4522E0-PSG.edf,N2,0.7585,0.12,0.0792,0.0377,0.0364,83.35,2.602,0.6539,0.0887,0.04
SC4522E0-PSG.edf,N3,0.911,0.0596,0.0237,0.0084,0.0071,104.5,2.106,0.8327,0.0285,0.0104
SC4522E0-PSG.edf,REM,0.9178,0.048,0.0207,0.009,0.0136,195.1,2.8925,0.5874,0.131,0.045
SC4522E0-PSG.edf,Wake,0.9021,0.06,0.0155,0.0082,0.0154,496.9,2.879,0.6599,0.0726,0.0516
SC4531E0-PSG.edf,N1,0.8232,0.0831,0.0384,0.022,0.0379,102.2,1.9215,0.6804,0.0805,0.0401
SC4531E0-PSG.edf,N2,0.8916,0.0692,0.0232,0.0152,0.0157,85.8,1.17,0.8312,0.0363,0.0219
SC4531E0-PSG.edf,N3,0.9352,0.0479,0.0121,0.0067,0.0062,95.2,0.567,0.8965,0.0207,0.0108
SC4531E0-PSG.edf,REM,0.8604,0.0886,0.0272,0.0126,0.0186,325.9,0.3085,0.6707,0.104,0.0516
SC4531E0-PSG.edf,Wake,0.7716,0.0672,0.0387,0.0322,0.1206,533.9,2.751,0.4328,0.1093,0.0955
SC4532E0-PSG.edf,N1,0.7859,0.1119,0.0487,0.0237,0.0488,147.9,2.757,0.7104,0.0804,0.0305
SC4532E0-PSG.edf,N2,0.8994,0.0674,0.0211,0.0136,0.0131,82.4,2.746,0.8808,0.0257,0.0146
SC4532E0-PSG.edf,N3,0.9379,0.0444,0.0132,0.0066,0.0049,97.9,2.267,0.9345,0.0129,0.0062
SC4532E0-PSG.edf,REM,0.8412,0.106,0.0332,0.0145,0.0198,299.3,2.7405,0.7524,0.0734,0.0326
SC4532E0-PSG.edf,Wake,0.808,0.0644,0.0318,0.0265,0.0942,575.6,2.704,0.5867,0.0834,0.0691
SC4541F0-PSG.edf,N1,0.6963,0.0878,0.1082,0.0671,0.0906,116.7,2.129,0.6488,0.1383,0.0653
SC4541F0-PSG.edf,N2,0.7572,0.1013,0.0855,0.0691,0.0452,58.1,0.416,0.7596,0.0731,0.0579
SC4541F0-PSG.edf,N3,0.9216,0.0545,0.0184,0.0097,0.0069,83.1,0.444,0.8943,0.023,0.0102
SC4541F0-PSG.edf,OTHER,0.8551,0.044,0.0597,0.037,0.0437,274.3,3.594,0.5543,0.2184,0.1031
SC4541F0-PSG.edf,REM,0.7999,0.0897,0.0613,0.0402,0.0522,335.2,0.237,0.7132,0.0861,0.062
SC4541F0-PSG.edf,Wake,0.7584,0.0749,0.0355,0.0321,0.1165,357.0,3.649,0.5202,0.1127,0.0798
SC4542F0-PSG.edf,N1,0.7211,0.0846,0.0918,0.0604,0.0904,161.85,2.5445,0.633,0.1065,0.0672
SC4542F0-PSG.edf,N2,0.7653,0.0939,0.0859,0.0697,0.0455,90.2,0.652,0.7334,0.0832,0.068
SC4542F0-PSG.edf,N3,0.903,0.0558,0.0288,0.0196,0.0084,117.75,0.445,0.8702,0.0347,0.0214
SC4542F0-PSG.edf,REM,0.7609,0.0854,0.0645,0.0472,0.0624,374.55,0.411,0.7237,0.078,0.0534
SC4542F0-PSG.edf,Wake,0.8262,0.0756,0.0266,0.0207,0.0643,544.8,3.688,0.5372,0.1084,0.0753
SC4551F0-PSG.edf,N1,0.6194,0.1041,0.1002,0.0579,0.1439,117.5,3.877,0.5165,0.1278,0.0451
SC4551F0-PSG.edf,N2,0.7671,0.1055,0.057,0.0485,0.0614,84.3,3.888,0.6663,0.0617,0.0448
SC4551F0-PSG.edf,N3,0.9061,0.0535,0.0266,0.0164,0.0161,88.1,3.896,0.806,0.0325,0.0214
SC4551F0-PSG.edf,REM,0.7047,0.1177,0.046,0.0335,0.0876,257.2,1.892,0.6462,0.0751,0.0381
SC4551F0-PSG.edf,Wake,0.7488,0.0984,0.045,0.0329,0.0971,520.6,3.78,0.2543,0.1735,0.1393
SC4552F0-PSG.edf,N1,0.6515,0.1134,0.0771,0.0496,0.1267,120.2,1.618,0.5511,0.1105,0.0453
SC4552F0-PSG.edf,N2,0.8404,0.0861,0.0398,0.0311,0.0308,54.4,0.73,0.7376,0.0452,0.033
SC4552F0-PSG.edf,N3,0.9486,0.0334,0.0132,0.006,0.0057,59.2,0.455,0.8596,0.0233,0.0104
SC4552F0-PSG.edf,REM,0.747,0.1308,0.0437,0.0315,0.067,181.2,0.558,0.6632,0.0702,0.0317
SC4552F0-PSG.edf,Wake,0.8238,0.0898,0.0278,0.0163,0.0421,522.0,3.851,0.2756,0.178,0.1435
SC4561F0-PSG.edf,N1,0.7303,0.0807,0.0717,0.0442,0.109,110.8,3.307,0.5882,0.1449,0.0503
SC4561F0-PSG.edf,N2,0.8952,0.0612,0.021,0.0147,0.0232,92.5,1.359,0.7155,0.0472,0.0244
SC4561F0-PSG.edf,N3,0.9562,0.0294,0.008,0.0051,0.0062,117.55,0.556,0.8284,0.0252,0.0113
SC4561F0-PSG.edf,OTHER,0.8888,0.0314,0.0242,0.0181,0.0568,707.0,3.6425,0.794,0.0642,0.0438
SC4561F0-PSG.edf,REM,0.7125,0.1185,0.0799,0.0413,0.0764,96.0,0.445,0.6067,0.1343,0.0512
SC4561F0-PSG.edf,Wake,0.8162,0.093,0.0272,0.0193,0.0587,596.4,3.849,0.6702,0.082,0.0553
SC4562F0-PSG.edf,N1,0.7942,0.0716,0.064,0.0289,0.0558,93.1,2.483,0.6135,0.135,0.0386
SC4562F0-PSG.edf,N2,0.9206,0.052,0.0159,0.0102,0.0127,74.8,1.382,0.7576,0.0397,0.0191
SC4562F0-PSG.edf,N3,0.9614,0.0281,0.0066,0.0034,0.0032,99.55,0.9555,0.8776,0.0183,0.0087
SC4562F0-PSG.edf,REM,0.7505,0.1178,0.076,0.032,0.0463,74.8,0.941,0.6601,0.1185,0.0433
SC4562F0-PSG.edf,Wake,0.8752,0.0785,0.0159,0.0129,0.0297,474.2,3.256,0.7584,0.0559,0.0357
SC4571F0-PSG.edf,N1,0.6158,0.1458,0.1187,0.0846,0.1252,201.4,3.213,0.5714,0.1004,0.064
SC4571F0-PSG.edf,N2,0.7141,0.1127,0.0953,0.0777,0.0715,87.3,3.001,0.6675,0.0906,0.0729
SC4571F0-PSG.edf,OTHER,0.6312,0.116,0.0514,0.021,0.2236,256.65,3.3045,0.4686,0.0986,0.0882
SC4571F0-PSG.edf,REM,0.6772,0.1332,0.0766,0.0594,0.0948,326.45,2.434,0.6097,0.0935,0.0579
SC4571F0-PSG.edf,Wake,0.6857,0.086,0.0588,0.0458,0.1563,501.3,3.346,0.4997,0.1207,0.0893
SC4572F0-PSG.edf,N1,0.5724,0.1461,0.1142,0.1142,0.1686,132.65,2.4615,0.4838,0.1006,0.0944
SC4572F0-PSG.edf,N2,0.6731,0.1144,0.1014,0.0914,0.0904,101.5,2.156,0.4681,0.1051,0.0993
SC4572F0-PSG.edf,N3,0.9318,0.0382,0.0181,0.0124,0.0108,121.2,1.989,0.5176,0.1007,0.0902
SC4572F0-PSG.edf,OTHER,0.6073,0.0652,0.1214,0.0707,0.1954,372.0,2.572,0.8192,0.038,0.0236
SC4572F0-PSG.edf,REM,0.6252,0.1592,0.0847,0.0626,0.1262,248.65,0.481,0.4188,0.114,0.108
SC4572F0-PSG.edf,Wake,0.5861,0.0901,0.0721,0.0671,0.2444,537.6,2.981,0.5945,0.0783,0.0704
SC4581G0-PSG.edf,N1,0.672,0.1484,0.0884,0.048,0.0958,144.75,2.191,0.6222,0.097,0.0366
SC4581G0-PSG.edf,N2,0.755,0.1352,0.0613,0.0346,0.0503,125.3,1.6935,0.7033,0.0618,0.0293
SC4581G0-PSG.edf,N3,0.8729,0.072,0.0307,0.0106,0.018,174.25,2.9735,0.8474,0.033,0.0148
SC4581G0-PSG.edf,REM,0.6546,0.15,0.0995,0.0424,0.1028,331.4,2.045,0.5743,0.1263,0.039
SC4581G0-PSG.edf,Wake,0.7893,0.071,0.0396,0.0277,0.0868,614.5,3.134,0.6067,0.1081,0.0436
SC4582G0-PSG.edf,N1,0.638,0.1597,0.0978,0.0513,0.1047,97.6,3.376,0.5702,0.1121,0.0418
SC4582G0-PSG.edf,N2,0.7429,0.1335,0.064,0.0366,0.0594,97.2,3.401,0.6679,0.069,0.0306
SC4582G0-PSG.edf,N3,0.8417,0.0834,0.0408,0.0206,0.0276,102.25,3.4665,0.8418,0.0324,0.0163
SC4582G0-PSG.edf,REM,0.6281,0.156,0.1044,0.0473,0.1152,233.1,3.4265,0.519,0.1448,0.048
SC4582G0-PSG.edf,Wake,0.7578,0.0769,0.0492,0.0329,0.1048,544.5,3.276,0.4256,0.1598,0.0654
SC4591G0-PSG.edf,N1,0.7118,0.0683,0.0512,0.0253,0.1132,137.0,3.48,0.7336,0.0621,0.02
SC4591G0-PSG.edf,N2,0.785,0.1038,0.068,0.0476,0.0394,83.4,1.259,0.8132,0.0511,0.0251
SC4591G0-PSG.edf,N3,0.8752,0.068,0.0449,0.0245,0.0145,90.3,0.613,0.8808,0.0316,0.0153
SC4591G0-PSG.edf,OTHER,0.9467,0.0315,0.0111,0.0057,0.0121,247.2,3.132,0.981,0.0024,0.0013
SC4591G0-PSG.edf,REM,0.7146,0.1384,0.0796,0.0414,0.0618,148.5,1.2365,0.783,0.0586,0.0199
SC4591G0-PSG.edf,Wake,0.7692,0.0888,0.0514,0.0325,0.0822,366.3,3.473,0.5863,0.1132,0.0552
SC4592G0-PSG.edf,N1,0.8096,0.0889,0.0584,0.0253,0.0328,117.55,3.495,0.6631,0.0986,0.0285
SC4592G0-PSG.edf,N2,0.8333,0.0885,0.0489,0.0312,0.0261,81.6,3.5,0.7895,0.0569,0.0281
SC4592G0-PSG.edf,N3,0.8891,0.0667,0.0362,0.0188,0.0102,86.5,3.533,0.8913,0.0301,0.0138
SC4592G0-PSG.edf,REM,0.8243,0.0961,0.0465,0.023,0.031,236.1,2.923,0.7591,0.0651,0.0235
SC4592G0-PSG.edf,Wake,0.8711,0.0643,0.0307,0.015,0.0292,321.7,3.406,0.562,0.1347,0.0491
SC4601E0-PSG.edf,N1,0.6882,0.1654,0.1141,0.0421,0.0539,124.25,2.989,0.4932,0.1982,0.0538
SC4601E0-PSG.edf,N2,0.8734,0.0812,0.0333,0.012,0.0128,124.75,3.079,0.7172,0.0632,0.0195
SC4601E0-PSG.edf,N3,0.9412,0.0443,0.0106,0.0042,0.0042,174.05,2.971,0.8222,0.0264,0.0088
SC4601E0-PSG.edf,REM,0.6956,0.1454,0.1075,0.0458,0.0443,165.0,3.128,0.5668,0.175,0.0675
SC4601E0-PSG.edf,Wake,0.805,0.0942,0.0438,0.0256,0.0597,434.5,3.0115,0.403,0.2091,0.0999
SC4602E0-PSG.edf,N1,0.8344,0.0918,0.0489,0.0191,0.0238,179.7,3.361,0.5935,0.1237,0.0348
SC4602E0-PSG.edf,N2,0.8814,0.0776,0.0258,0.0104,0.0123,195.85,3.362,0.7156,0.067,0.0206
SC4602E0-PSG.edf,N3,0.9341,0.0499,0.0122,0.0051,0.0057,257.85,3.362,0.7985,0.0358,0.013
SC4602E0-PSG.edf,REM,0.7532,0.1261,0.075,0.029,0.0295,218.4,3.368,0.5114,0.1839,0.0531
SC4602E0-PSG.edf,Wake,0.718,0.1122,0.0638,0.0417,0.092,578.95,3.315,0.271,0.2586,0.1436
SC4611E0-PSG.edf,N1,0.9035,0.0565,0.0206,0.0109,0.0179,94.0,1.024,0.6239,0.0792,0.035
SC4611E0-PSG.edf,N2,0.917,0.0518,0.0161,0.0102,0.0158,109.6,1.012,0.8018,0.0359,0.024
SC4611E0-PSG.edf,N3,0.9446,0.0327,0.012,0.0058,0.0085,142.7,1.004,0.9102,0.016,0.009
SC4611E0-PSG.edf,OTHER,0.7902,0.0928,0.063,0.0168,0.035,442.1,1.016,0.232,0.3096,0.0369
SC4611E0-PSG.edf,REM,0.9019,0.0592,0.0197,0.0103,0.0171,113.0,1.014,0.648,0.0886,0.0321
SC4611E0-PSG.edf,Wake,0.8081,0.0994,0.0318,0.0228,0.0641,418.5,0.954,0.3599,0.1333,0.1059
SC4612E0-PSG.edf,N1,0.7473,0.1526,0.0486,0.0253,0.0428,122.6,3.742,0.5724,0.0932,0.0308
SC4612E0-PSG.edf,N2,0.8816,0.0775,0.0216,0.0136,0.0179,123.9,3.737,0.8095,0.0353,0.0203
SC4612E0-PSG.edf,N3,0.9467,0.0365,0.0112,0.0052,0.0061,172.0,3.731,0.9122,0.0156,0.01
SC4612E0-PSG.edf,REM,0.786,0.1367,0.0442,0.0216,0.034,119.8,3.7265,0.607,0.1144,0.0413
SC4612E0-PSG.edf,Wake,0.8462,0.0898,0.0235,0.0152,0.0389,429.9,3.7505,0.3408,0.1315,0.1046
SC4621E0-PSG.edf,N1,0.7707,0.1124,0.072,0.0354,0.0434,75.1,1.5315,0.6693,0.0959,0.0397
SC4621E0-PSG.edf,N2,0.8106,0.0953,0.0595,0.0266,0.03,75.3,1.009,0.7418,0.0786,0.0301
SC4621E0-PSG.edf,N3,0.9364,0.039,0.0161,0.0055,0.0061,101.2,0.989,0.8652,0.03,0.0095
SC4621E0-PSG.edf,REM,0.7312,0.1296,0.0845,0.0384,0.0538,135.1,0.753,0.5747,0.1367,0.0544
SC4621E0-PSG.edf,Wake,0.812,0.0733,0.038,0.024,0.076,514.7,4.101,0.2063,0.1485,0.1146
SC4622E0-PSG.edf,N1,0.644,0.1513,0.1053,0.0535,0.0768,81.1,2.47,0.5469,0.1466,0.0542
SC4622E0-PSG.edf,N2,0.833,0.0828,0.0569,0.0271,0.0279,78.3,0.748,0.7478,0.0806,0.0334
SC4622E0-PSG.edf,N3,0.9349,0.0307,0.022,0.009,0.0084,114.15,1.2855,0.9276,0.0202,0.0076
SC4622E0-PSG.edf,REM,0.7501,0.1256,0.0746,0.0324,0.0435,156.6,0.608,0.6065,0.1237,0.0528
SC4622E0-PSG.edf,Wake,0.8187,0.0711,0.0415,0.0241,0.0671,559.7,3.647,0.1893,0.1633,0.1138
SC4631E0-PSG.edf,N1,0.7905,0.0685,0.0582,0.0463,0.0897,109.0,3.183,0.5524,0.1295,0.0788
SC4631E0-PSG.edf,N2,0.8438,0.0721,0.0418,0.0291,0.0404,109.5,3.191,0.6946,0.0766,0.0434
SC4631E0-PSG.edf,N3,0.9104,0.0528,0.0231,0.0102,0.0116,131.6,3.211,0.8191,0.0379,0.0189
SC4631E0-PSG.edf,REM,0.6046,0.0997,0.0836,0.0756,0.1998,211.65,3.178,0.485,0.1567,0.109
SC4631E0-PSG.edf,Wake,0.6946,0.077,0.0527,0.0504,0.1737,582.0,3.175,0.3472,0.1384,0.1192
SC4632E0-PSG.edf,N1,0.7908,0.0718,0.0588,0.0401,0.0746,84.6,3.082,0.5574,0.1362,0.0664
SC4632E0-PSG.edf,N2,0.8784,0.0662,0.0313,0.02,0.0241,83.1,2.37,0.7522,0.0578,0.0317
SC4632E0-PSG.edf,N3,0.939,0.0393,0.0165,0.006,0.0058,105.05,1.5585,0.8624,0.0272,0.0134
SC4632E0-PSG.edf,REM,0.5888,0.1148,0.0943,0.0829,0.1954,108.4,0.679,0.5268,0.154,0.0901
SC4632E0-PSG.edf,Wake,0.8165,0.0586,0.0327,0.0296,0.0922,389.0,3.171,0.3583,0.1403,0.1163
SC4641E0-PSG.edf,N1,0.6473,0.0851,0.0784,0.0683,0.1754,99.4,2.455,0.5381,0.1218,0.0601
SC4641E0-PSG.edf,N2,0.7857,0.104,0.0476,0.042,0.0627,58.5,1.658,0.6958,0.048,0.0321
SC4641E0-PSG.edf,REM,0.7064,0.1026,0.055,0.044,0.1216,338.15,0.6505,0.6078,0.0857,0.0552
SC4641E0-PSG.edf,Wake,0.8379,0.0819,0.0234,0.0176,0.052,426.9,3.022,0.519,0.0987,0.0714
SC4642E0-PSG.edf,N1,0.6676,0.1043,0.0801,0.071,0.148,78.2,2.086,0.5651,0.0986,0.0622
SC4642E0-PSG.edf,N2,0.7732,0.1136,0.0545,0.0428,0.056,63.6,0.6385,0.6905,0.0566,0.0381
SC4642E0-PSG.edf,REM,0.7979,0.0886,0.0375,0.0293,0.0622,374.0,0.33,0.5824,0.0929,0.056
SC4642E0-PSG.edf,Wake,0.836,0.0853,0.0235,0.0173,0.0491,458.55,2.72,0.438,0.1126,0.0874
SC4651E0-PSG.edf,N1,0.7038,0.1148,0.0777,0.0574,0.0889,134.5,3.174,0.6529,0.091,0.0516
SC4651E0-PSG.edf,N2,0.922,0.0489,0.0172,0.0096,0.0113,102.5,2.294,0.7936,0.0404,0.0181
SC4651E0-PSG.edf,N3,0.9554,0.0292,0.0106,0.0046,0.0036,137.65,1.3165,0.8856,0.0202,0.0086
SC4651E0-PSG.edf,REM,0.8025,0.1079,0.0508,0.0265,0.0382,176.6,0.425,0.7098,0.0681,0.0299
SC4651E0-PSG.edf,Wake,0.7877,0.0877,0.0349,0.0277,0.0886,403.35,3.239,0.4666,0.1105,0.0897
SC4652E0-PSG.edf,N1,0.8246,0.0778,0.0428,0.03,0.0518,150.15,4.6515,0.6076,0.0856,0.0438
SC4652E0-PSG.edf,N2,0.9039,0.0585,0.0219,0.0129,0.016,119.2,3.166,0.7278,0.0549,0.0275
SC4652E0-PSG.edf,N3,0.9415,0.0375,0.014,0.0066,0.0059,156.1,2.456,0.8296,0.033,0.0148
SC4652E0-PSG.edf,OTHER,0.9076,0.0485,0.0231,0.014,0.0214,351.25,4.2975,0.7857,0.045,0.022
SC4652E0-PSG.edf,REM,0.7355,0.1231,0.0718,0.0411,0.0685,217.2,1.031,0.6298,0.0932,0.0464
SC4652E0-PSG.edf,Wake,0.7051,0.0932,0.049,0.042,0.1326,532.1,4.671,0.3795,0.1269,0.1046
SC4661E0-PSG.edf,N1,0.3985,0.1384,0.1712,0.1385,0.2563,160.3,3.685,0.4113,0.1678,0.0962
SC4661E0-PSG.edf,N2,0.777,0.11,0.054,0.0377,0.0627,158.55,2.5855,0.6506,0.0728,0.0471
SC4661E0-PSG.edf,N3,0.8864,0.0674,0.0292,0.0148,0.0206,184.05,2.577,0.7662,0.0444,0.0274
SC4661E0-PSG.edf,OTHER,0.4862,0.0888,0.1278,0.1056,0.2881,52.6,0.022,0.4814,0.1051,0.0995
SC4661E0-PSG.edf,REM,0.3924,0.1862,0.1734,0.1121,0.2314,148.8,1.5905,0.4471,0.1336,0.0911
SC4661E0-PSG.edf,Wake,0.641,0.1275,0.0678,0.052,0.1528,635.6,4.908,0.2668,0.1714,0.152
SC4662E0-PSG.edf,N1,0.6565,0.1332,0.0923,0.0702,0.1198,181.2,3.877,0.573,0.1052,0.0622
SC4662E0-PSG.edf,N2,0.8403,0.0983,0.0355,0.021,0.0264,177.6,3.9705,0.7423,0.054,0.0311
SC4662E0-PSG.edf,N3,0.9025,0.0662,0.0216,0.0106,0.0121,202.1,3.972,0.8236,0.0342,0.018
SC4662E0-PSG.edf,REM,0.5094,0.1858,0.1456,0.0855,0.1461,170.6,3.8745,0.5732,0.1129,0.0648
SC4662E0-PSG.edf,Wake,0.7544,0.117,0.0424,0.0283,0.0756,541.3,3.727,0.2385,0.1596,0.1473
SC4671G0-PSG.edf,N1,0.7817,0.0986,0.0565,0.0369,0.0573,121.1,3.0215,0.6207,0.1134,0.0513
SC4671G0-PSG.edf,N2,0.814,0.1034,0.0463,0.0342,0.0381,108.7,1.16,0.705,0.0726,0.0382
SC4671G0-PSG.edf,N3,0.9111,0.0591,0.0191,0.0123,0.011,137.1,0.894,0.8744,0.0271,0.0126
SC4671G0-PSG.edf,REM,0.7793,0.1123,0.0528,0.0301,0.0498,297.8,0.638,0.6529,0.1203,0.0614
SC4671G0-PSG.edf,Wake,0.7363,0.1047,0.0479,0.0344,0.1066,476.1,3.584,0.5558,0.1097,0.0712
SC4672G0-PSG.edf,N1,0.8325,0.0827,0.0437,0.023,0.0387,162.3,3.038,0.7353,0.0789,0.0328
SC4672G0-PSG.edf,N2,0.8641,0.0839,0.0328,0.0209,0.0198,93.4,0.548,0.8246,0.0431,0.0219
SC4672G0-PSG.edf,N3,0.9379,0.0452,0.0122,0.0065,0.006,135.5,0.616,0.8897,0.0209,0.0099
SC4672G0-PSG.edf,REM,0.8611,0.0876,0.031,0.0173,0.025,279.8,0.336,0.7678,0.0653,0.0366
SC4672G0-PSG.edf,Wake,0.8542,0.0835,0.0206,0.013,0.0377,491.7,3.078,0.7909,0.0466,0.0318
SC4701E0-PSG.edf,N1,0.7363,0.1245,0.058,0.0291,0.0731,66.1,0.953,0.6659,0.0824,0.0343
SC4701E0-PSG.edf,N2,0.859,0.0897,0.0268,0.0122,0.0212,72.0,0.586,0.8277,0.0375,0.0168
SC4701E0-PSG.edf,N3,0.9311,0.0533,0.0123,0.0041,0.0051,103.7,0.552,0.9147,0.017,0.0067
SC4701E0-PSG.edf,OTHER,0.6975,0.0683,0.0726,0.0479,0.1632,188.8,1.108,0.9915,0.0021,0.0011
SC4701E0-PSG.edf,REM,0.7558,0.1372,0.0508,0.02,0.043,103.7,0.409,0.6708,0.0914,0.0356
SC4701E0-PSG.edf,Wake,0.4636,0.1068,0.0922,0.0842,0.3343,218.7,1.445,0.4288,0.1281,0.0955
SC4702E0-PSG.edf,N1,0.7677,0.1207,0.0521,0.0245,0.0645,77.9,1.623,0.8088,0.0464,0.0166
SC4702E0-PSG.edf,N2,0.8848,0.0804,0.0219,0.01,0.0144,74.6,1.5685,0.8946,0.0228,0.0108
SC4702E0-PSG.edf,N3,0.9381,0.0479,0.0121,0.0042,0.0055,97.3,1.7,0.9295,0.0148,0.0061
SC4702E0-PSG.edf,REM,0.753,0.1471,0.055,0.0232,0.0393,93.25,1.627,0.8669,0.0386,0.0142
SC4702E0-PSG.edf,Wake,0.571,0.1003,0.073,0.0635,0.2524,262.1,1.415,0.5092,0.1044,0.0834
SC4711E0-PSG.edf,N1,0.5643,0.1664,0.1134,0.0586,0.1565,137.95,5.5865,0.5326,0.1462,0.0517
SC4711E0-PSG.edf,N2,0.786,0.1219,0.0425,0.0302,0.048,99.2,1.967,0.714,0.0639,0.0368
SC4711E0-PSG.edf,N3,0.8708,0.0862,0.0212,0.0148,0.0232,105.35,1.448,0.7759,0.0346,0.0214
SC4711E0-PSG.edf,REM,0.6464,0.1248,0.0888,0.0581,0.1251,298.15,0.7465,0.6373,0.1046,0.0582
SC4711E0-PSG.edf,Wake,0.6434,0.0956,0.0666,0.0549,0.1903,449.1,6.566,0.4991,0.1013,0.0763
SC4712E0-PSG.edf,N1,0.7649,0.1305,0.054,0.0264,0.0452,150.0,2.5605,0.639,0.093,0.0364
SC4712E0-PSG.edf,N2,0.8624,0.0966,0.0253,0.014,0.0173,98.5,1.245,0.7809,0.044,0.0216
SC4712E0-PSG.edf,REM,0.7368,0.1356,0.074,0.0387,0.0553,322.4,0.401,0.6532,0.1001,0.045
SC4712E0-PSG.edf,Wake,0.8383,0.0677,0.0286,0.019,0.0648,493.9,4.029,0.444,0.1134,0.0849
SC4721E0-PSG.edf,N1,0.7643,0.0876,0.0628,0.0442,0.0693,163.6,3.259,0.664,0.0859,0.0479
SC4721E0-PSG.edf,N2,0.822,0.0801,0.0474,0.0332,0.0447,101.6,3.542,0.7237,0.0663,0.0348
SC4721E0-PSG.edf,REM,0.7152,0.111,0.0772,0.051,0.073,349.0,3.558,0.666,0.1057,0.0584
SC4721E0-PSG.edf,Wake,0.6898,0.0816,0.0534,0.0491,0.1719,600.35,3.395,0.5502,0.0904,0.0729
SC4722E0-PSG.edf,N1,0.7855,0.0862,0.0572,0.0386,0.0598,144.9,1.824,0.6966,0.0678,0.0393
SC4722E0-PSG.edf,N2,0.8376,0.0833,0.0436,0.0282,0.029,73.0,0.507,0.76,0.0508,0.0261
SC4722E0-PSG.edf,REM,0.8023,0.0932,0.0497,0.0355,0.0478,298.65,0.395,0.7146,0.0749,0.0466
SC4722E0-PSG.edf,Wake,0.8534,0.0602,0.021,0.0178,0.0611,460.5,3.287,0.6512,0.07,0.054
SC4731E0-PSG.edf,N1,0.7745,0.1382,0.0506,0.0283,0.039,139.95,1.7475,0.7349,0.0627,0.0266
SC4731E0-PSG.edf,N2,0.8366,0.1131,0.0306,0.0193,0.0212,70.2,0.32,0.8262,0.035,0.0167
SC4731E0-PSG.edf,REM,0.7609,0.1272,0.0639,0.0341,0.0449,124.7,0.265,0.7755,0.067,0.0299
SC4731E0-PSG.edf,Wake,0.7869,0.0909,0.0354,0.027,0.0722,405.6,2.783,0.5785,0.1173,0.0659
SC4732E0-PSG.edf,N1,0.7592,0.1428,0.0525,0.0307,0.0444,127.0,2.7655,0.7025,0.0744,0.03
SC4732E0-PSG.edf,N2,0.8255,0.1163,0.0328,0.0195,0.0208,63.5,2.807,0.8253,0.0345,0.0165
SC4732E0-PSG.edf,OTHER,0.9509,0.0156,0.0102,0.0098,0.0236,651.4,1.899,0.8628,0.0216,0.0191
SC4732E0-PSG.edf,REM,0.7612,0.1395,0.0637,0.0338,0.043,156.2,2.802,0.7702,0.0706,0.0307
SC4732E0-PSG.edf,Wake,0.7819,0.0863,0.0372,0.0276,0.0758,406.1,2.667,0.5829,0.1146,0.069
SC4741E0-PSG.edf,N1,0.8055,0.0824,0.0522,0.0376,0.0655,131.75,3.2695,0.6324,0.104,0.064
SC4741E0-PSG.edf,N2,0.8657,0.0706,0.0341,0.0217,0.0274,60.5,3.1055,0.7972,0.0571,0.0331
SC4741E0-PSG.edf,OTHER,0.9581,0.013,0.0067,0.0069,0.0223,675.3,3.381,0.7236,0.0458,0.0427
SC4741E0-PSG.edf,REM,0.8148,0.0674,0.0434,0.0325,0.0732,217.9,1.169,0.6888,0.098,0.058
SC4741E0-PSG.edf,Wake,0.884,0.0504,0.0188,0.0148,0.0434,442.15,3.261,0.3833,0.1273,0.1124
SC4742E0-PSG.edf,N1,0.7575,0.1108,0.0662,0.0507,0.0812,63.4,3.437,0.7155,0.0925,0.0621
SC4742E0-PSG.edf,N2,0.8276,0.094,0.0472,0.0294,0.0344,50.6,3.436,0.81,0.0551,0.0334
SC4742E0-PSG.edf,REM,0.795,0.0923,0.0554,0.0362,0.066,190.8,3.4465,0.7126,0.0967,0.057
SC4742E0-PSG.edf,Wake,0.9012,0.0502,0.0161,0.0121,0.0324,388.9,3.392,0.419,0.1305,0.1096
SC4751E0-PSG.edf,N1,0.6266,0.1413,0.0774,0.0518,0.1476,96.95,2.1205,0.5352,0.1248,0.0575
SC4751E0-PSG.edf,N2,0.7801,0.1134,0.049,0.0379,0.0511,88.7,0.834,0.6601,0.0761,0.0513
SC4751E0-PSG.edf,REM,0.739,0.1331,0.0675,0.0367,0.0629,186.1,0.346,0.641,0.1118,0.0571
SC4751E0-PSG.edf,Wake,0.8914,0.0566,0.0189,0.0122,0.0321,344.4,2.9645,0.5564,0.1099,0.0772
SC4752E0-PSG.edf,N1,0.7523,0.1067,0.0529,0.04,0.0761,92.1,17.789,0.6499,0.0887,0.0478
SC4752E0-PSG.edf,N2,0.7954,0.1126,0.045,0.0354,0.0425,88.1,17.8365,0.7023,0.0629,0.04
SC4752E0-PSG.edf,N3,0.842,0.0949,0.029,0.0241,0.0272,107.95,17.7765,0.7559,0.0434,0.0256
SC4752E0-PSG.edf,REM,0.7653,0.1038,0.0549,0.0309,0.0593,151.75,17.7515,0.7068,0.0824,0.0448
SC4752E0-PSG.edf,Wake,0.8668,0.0591,0.0255,0.0175,0.0458,481.1,17.246,0.6164,0.0986,0.0663
SC4761E0-PSG.edf,N1,0.5278,0.1584,0.1344,0.0757,0.1687,155.0,3.271,0.6478,0.1031,0.0346
SC4761E0-PSG.edf,N2,0.8089,0.0932,0.0494,0.0295,0.0467,100.2,3.265,0.7895,0.0469,0.0188
SC4761E0-PSG.edf,N3,0.9193,0.0455,0.0234,0.0097,0.013,114.1,3.267,0.8672,0.0294,0.0094
SC4761E0-PSG.edf,OTHER,0.6402,0.1204,0.0871,0.0684,0.1634,355.05,2.363,0.8055,0.0482,0.0274
SC4761E0-PSG.edf,REM,0.6285,0.1423,0.106,0.0539,0.1069,152.6,3.272,0.7018,0.0885,0.0366
SC4761E0-PSG.edf,Wake,0.7879,0.0802,0.0416,0.0294,0.087,479.25,3.245,0.285,0.1684,0.1343
SC4762E0-PSG.edf,N1,0.8617,0.07,0.0318,0.0164,0.0283,132.7,2.569,0.8014,0.0429,0.018
SC4762E0-PSG.edf,N2,0.903,0.049,0.0232,0.0125,0.0178,87.7,1.6215,0.8509,0.0306,0.0114
SC4762E0-PSG.edf,OTHER,0.885,0.0631,0.0191,0.0104,0.0308,167.4,1.2685,0.888,0.0143,0.0082
SC4762E0-PSG.edf,REM,0.7602,0.064,0.0478,0.0235,0.1275,92.8,1.2485,0.8096,0.0408,0.0152
SC4762E0-PSG.edf,Wake,0.889,0.0563,0.0201,0.0121,0.0276,460.7,2.708,0.4078,0.1316,0.1022
SC4771G0-PSG.edf,N1,0.5869,0.1972,0.0978,0.0498,0.1042,152.95,2.6575,0.556,0.1002,0.0303
SC4771G0-PSG.edf,N2,0.7912,0.1302,0.0398,0.0221,0.0333,123.7,1.85,0.7525,0.0389,0.016
SC4771G0-PSG.edf,N3,0.8885,0.078,0.0197,0.0095,0.0117,126.1,1.58,0.8436,0.0225,0.0081
SC4771G0-PSG.edf,REM,0.5362,0.2157,0.1272,0.0576,0.1201,210.7,2.135,0.4705,0.1622,0.041
SC4771G0-PSG.edf,Wake,0.4574,0.1084,0.104,0.0898,0.306,465.9,3.299,0.5194,0.1409,0.0585
SC4772G0-PSG.edf,N1,0.5614,0.1866,0.0986,0.0536,0.1176,111.3,2.595,0.529,0.1502,0.0309
SC4772G0-PSG.edf,N2,0.8024,0.1214,0.0353,0.0202,0.0327,160.4,0.775,0.7834,0.0365,0.014
SC4772G0-PSG.edf,N3,0.9113,0.0616,0.0144,0.0073,0.0114,168.9,0.671,0.8725,0.0147,0.0066
SC4772G0-PSG.edf,REM,0.5896,0.1733,0.114,0.0533,0.1155,276.2,0.495,0.4847,0.1678,0.0466
SC4772G0-PSG.edf,Wake,0.4191,0.1128,0.1152,0.0985,0.3279,377.5,3.619,0.4838,0.1663,0.0593
SC4801G0-PSG.edf,N1,0.6191,0.1656,0.1001,0.0549,0.079,77.4,4.428,0.5858,0.1234,0.0413
SC4801G0-PSG.edf,N2,0.7973,0.1321,0.049,0.0243,0.0195,86.0,4.34,0.7692,0.0496,0.0241
SC4801G0-PSG.edf,N3,0.9392,0.0467,0.0179,0.0075,0.0054,122.2,2.851,0.8833,0.0225,0.0088
SC4801G0-PSG.edf,REM,0.6307,0.177,0.081,0.0356,0.0761,178.5,4.4925,0.6169,0.117,0.0403
SC4801G0-PSG.edf,Wake,0.846,0.0794,0.027,0.0158,0.0407,367.1,4.165,0.5229,0.1212,0.0671
SC4802G0-PSG.edf,N1,0.6414,0.165,0.0988,0.0584,0.0791,154.75,6.4205,0.602,0.1146,0.0435
SC4802G0-PSG.edf,N2,0.7411,0.1559,0.068,0.0371,0.0325,138.9,6.371,0.7051,0.0619,0.0312
SC4802G0-PSG.edf,N3,0.9174,0.0564,0.0183,0.0105,0.0096,192.15,5.4275,0.8202,0.0306,0.0128
SC4802G0-PSG.edf,REM,0.5734,0.1952,0.0931,0.0484,0.1107,327.75,6.457,0.6154,0.1246,0.0508
SC4802G0-PSG.edf,Wake,0.7835,0.0983,0.0415,0.0271,0.0744,469.2,6.08,0.5335,0.1226,0.064
SC4811G0-PSG.edf,N1,0.6633,0.1214,0.1317,0.0531,0.0741,99.5,1.9685,0.5225,0.1649,0.0576
SC4811G0-PSG.edf,N2,0.7619,0.1166,0.0833,0.0391,0.0322,105.35,1.6,0.686,0.0958,0.0451
SC4811G0-PSG.edf,N3,0.8898,0.065,0.0367,0.0097,0.0074,152.9,1.48,0.8519,0.0437,0.0122
SC4811G0-PSG.edf,REM,0.7248,0.1542,0.0691,0.0306,0.0477,246.5,0.4715,0.6076,0.1154,0.0422
SC4811G0-PSG.edf,Wake,0.8395,0.0867,0.0381,0.0175,0.0342,517.8,2.945,0.2617,0.1595,0.1359
SC4812G0-PSG.edf,N1,0.644,0.1234,0.1228,0.0586,0.0866,164.45,3.069,0.5291,0.1506,0.0608
SC4812G0-PSG.edf,N2,0.7214,0.1241,0.104,0.0523,0.0459,143.1,1.549,0.6587,0.106,0.0535
SC4812G0-PSG.edf,N3,0.8808,0.0715,0.04,0.0116,0.0099,185.4,1.1955,0.8529,0.0488,0.0148
SC4812G0-PSG.edf,OTHER,0.3442,0.1162,0.23,0.1216,0.3162,433.3,2.852,0.5596,0.2211,0.0717
SC4812G0-PSG.edf,REM,0.646,0.1614,0.0959,0.0469,0.0848,289.2,0.916,0.5585,0.1296,0.0505
SC4812G0-PSG.edf,Wake,0.7863,0.0961,0.0418,0.028,0.0723,603.0,3.471,0.3149,0.1557,0.1243
SC4821G0-PSG.edf,N1,0.6817,0.1394,0.0934,0.0602,0.0799,166.5,3.116,0.501,0.1232,0.065
SC4821G0-PSG.edf,N2,0.6846,0.1265,0.1244,0.0895,0.0559,123.5,2.725,0.5737,0.126,0.0696
SC4821G0-PSG.edf,N3,0.8963,0.0627,0.032,0.0152,0.0084,168.45,2.918,0.8059,0.0421,0.0158
SC4821G0-PSG.edf,OTHER,0.5877,0.1027,0.1294,0.0812,0.1826,584.9,2.987,0.481,0.2309,0.0725
SC4821G0-PSG.edf,REM,0.6546,0.163,0.0898,0.0476,0.0844,564.25,0.7735,0.4754,0.1675,0.0581
SC4821G0-PSG.edf,Wake,0.8122,0.0938,0.0355,0.022,0.0533,962.2,3.3095,0.3975,0.1365,0.0923
SC4822G0-PSG.edf,N1,0.6442,0.1558,0.1028,0.0516,0.0762,139.3,2.555,0.4647,0.1344,0.0553
SC4822G0-PSG.edf,N2,0.7016,0.1246,0.112,0.074,0.046,99.0,2.0345,0.5798,0.122,0.0636
SC4822G0-PSG.edf,N3,0.8874,0.068,0.036,0.0158,0.0104,132.75,2.2355,0.7897,0.0504,0.0188
SC4822G0-PSG.edf,REM,0.6451,0.1829,0.0932,0.0472,0.0793,236.3,0.979,0.4739,0.1708,0.0613
SC4822G0-PSG.edf,Wake,0.827,0.1022,0.0295,0.0156,0.0358,605.8,3.327,0.3839,0.1448,0.0885
ST7011J0-PSG.edf,N1,0.551,0.1742,0.0975,0.0501,0.1334,307.6,10.047,0.3353,0.176,0.0806
ST7011J0-PSG.edf,N2,0.8167,0.0936,0.0408,0.0329,0.0466,217.2,3.619,0.6296,0.0809,0.0571
ST7011J0-PSG.edf,N3,0.907,0.0566,0.0198,0.0183,0.0183,139.2,2.7855,0.8288,0.032,0.0244
ST7011J0-PSG.edf,REM,0.7773,0.1114,0.056,0.0305,0.0586,487.1,3.192,0.5898,0.1283,0.0617
ST7011J0-PSG.edf,Wake,0.7674,0.0918,0.0646,0.0329,0.0804,456.5,16.7255,0.4206,0.1571,0.0882
ST7012J0-PSG.edf,N1,0.507,0.1228,0.089,0.0626,0.2224,299.4,4.4355,0.3828,0.147,0.0888
ST7012J0-PSG.edf,N2,0.809,0.0736,0.0529,0.0592,0.063,126.9,2.7025,0.6459,0.0856,0.0778
ST7012J0-PSG.edf,N3,0.9097,0.047,0.0236,0.0224,0.0181,123.4,2.241,0.8178,0.0378,0.0287
ST7012J0-PSG.edf,REM,0.676,0.1389,0.0656,0.0415,0.1041,418.45,2.808,0.5731,0.1184,0.073
ST7012J0-PSG.edf,Wake,0.717,0.0838,0.0583,0.0366,0.0864,355.2,7.685,0.2936,0.1607,0.1212
ST7021J0-PSG.edf,N1,0.5762,0.1356,0.0816,0.0611,0.147,379.4,6.4795,0.5142,0.1016,0.0639
ST7021J0-PSG.edf,N2,0.5864,0.1201,0.1734,0.1662,0.0958,117.75,3.609,0.5883,0.1286,0.1278
ST7021J0-PSG.edf,N3,0.8477,0.0495,0.0908,0.0363,0.0115,134.0,5.328,0.8939,0.0448,0.0217
ST7021J0-PSG.edf,REM,0.6288,0.1946,0.0694,0.0387,0.081,291.0,3.3395,0.5599,0.0998,0.057
ST7021J0-PSG.edf,Wake,0.7831,0.0575,0.0456,0.0353,0.1044,675.3,14.06,0.4836,0.1121,0.0979
ST7022J0-PSG.edf,N1,0.66,0.1377,0.075,0.0468,0.0986,447.7,21.414,0.5621,0.1048,0.0544
ST7022J0-PSG.edf,N2,0.6797,0.1292,0.0941,0.0979,0.0774,166.6,14.002,0.6812,0.0772,0.064
ST7022J0-PSG.edf,N3,0.8856,0.0645,0.0354,0.0216,0.014,173.6,11.414,0.8853,0.0302,0.0184
ST7022J0-PSG.edf,REM,0.6927,0.1857,0.0635,0.03,0.0533,462.9,10.628,0.5863,0.1059,0.0501
ST7022J0-PSG.edf,Wake,0.7867,0.0688,0.0474,0.0335,0.0928,831.55,55.3715,0.4816,0.1186,0.0953
ST7041J0-PSG.edf,N1,0.8597,0.0687,0.0302,0.0246,0.0351,312.75,25.654,0.7639,0.0526,0.0356
ST7041J0-PSG.edf,N2,0.8294,0.075,0.0395,0.0359,0.0388,146.9,22.813,0.7822,0.0532,0.0405
ST7041J0-PSG.edf,N3,0.9404,0.0408,0.014,0.0101,0.007,152.2,48.1835,0.9384,0.0116,0.0088
ST7041J0-PSG.edf,OTHER,0.8887,0.0721,0.0224,0.0187,0.018,475.4,13.654,0.8256,0.0454,0.0383
ST7041J0-PSG.edf,REM,0.8425,0.0832,0.0307,0.0182,0.0308,548.8,18.1995,0.7587,0.0543,0.0308
ST7041J0-PSG.edf,Wake,0.8798,0.06,0.0264,0.0221,0.0297,105.1,13.126,0.847,0.0376,0.0267
ST7042J0-PSG.edf,N1,0.8121,0.071,0.038,0.0384,0.0598,206.95,6.4005,0.7264,0.0604,0.0436
ST7042J0-PSG.edf,N2,0.795,0.068,0.0582,0.0678,0.0599,95.45,3.319,0.7566,0.0556,0.0562
ST7042J0-PSG.edf,N3,0.935,0.0348,0.0192,0.014,0.0086,127.8,4.6725,0.9202,0.0152,0.0094
ST7042J0-PSG.edf,OTHER,0.8411,0.0522,0.0555,0.0767,0.055,70.0,7.962,0.7462,0.0493,0.0699
ST7042J0-PSG.edf,REM,0.8253,0.0872,0.0297,0.0202,0.041,545.15,5.399,0.7388,0.0557,0.0356
ST7042J0-PSG.edf,Wake,0.897,0.0556,0.0127,0.0076,0.0196,1074.0,13.7495,0.7163,0.057,0.0499
ST7051J0-PSG.edf,N1,0.8005,0.0929,0.0401,0.0296,0.0463,416.8,6.029,0.5944,0.1139,0.0932
ST7051J0-PSG.edf,N2,0.7648,0.0862,0.0557,0.054,0.0658,178.95,3.8125,0.6368,0.0907,0.0792
ST7051J0-PSG.edf,N3,0.8524,0.0593,0.0434,0.0469,0.034,147.4,4.7405,0.7984,0.0588,0.055
ST7051J0-PSG.edf,REM,0.7714,0.0989,0.047,0.0359,0.0523,463.7,4.151,0.6366,0.096,0.0752
ST7051J0-PSG.edf,Wake,0.7578,0.0862,0.0568,0.0329,0.0688,606.85,8.5235,0.5443,0.1306,0.1016
ST7052J0-PSG.edf,N1,0.7287,0.1097,0.056,0.0338,0.0972,885.2,6.894,0.555,0.115,0.0651
ST7052J0-PSG.edf,N2,0.7573,0.1051,0.06,0.0762,0.0689,292.45,2.984,0.6738,0.0697,0.0768
ST7052J0-PSG.edf,N3,0.9346,0.0416,0.0143,0.0136,0.0104,200.15,2.9865,0.9206,0.0131,0.0124
ST7052J0-PSG.edf,REM,0.7684,0.124,0.0511,0.0292,0.0428,1302.9,3.1685,0.6293,0.1093,0.0668
ST7052J0-PSG.edf,Wake,0.8883,0.0397,0.024,0.014,0.039,740.5,18.911,0.5578,0.1552,0.1102
ST7061J0-PSG.edf,N1,0.6415,0.1432,0.0809,0.0443,0.0888,281.3,33.0,0.5883,0.0966,0.0517
ST7061J0-PSG.edf,N2,0.7264,0.1331,0.056,0.0725,0.0665,95.2,5.758,0.6695,0.0612,0.0752
ST7061J0-PSG.edf,N3,0.8785,0.078,0.0224,0.0256,0.0208,105.85,5.0095,0.8378,0.0188,0.0346
ST7061J0-PSG.edf,REM,0.6667,0.1992,0.0631,0.0276,0.0489,378.0,4.717,0.5492,0.1255,0.0534
ST7061J0-PSG.edf,Wake,0.8277,0.0675,0.0378,0.0129,0.0365,483.8,35.18,0.5412,0.2552,0.0388
ST7062J0-PSG.edf,N1,0.6228,0.1193,0.1006,0.0455,0.1126,301.8,6.278,0.5703,0.1028,0.0509
ST7062J0-PSG.edf,N2,0.7138,0.114,0.0606,0.0988,0.0932,103.3,2.965,0.6368,0.0658,0.0936
ST7062J0-PSG.edf,N3,0.9011,0.0496,0.0215,0.0346,0.0262,121.75,2.224,0.837,0.022,0.0412
ST7062J0-PSG.edf,REM,0.6536,0.1951,0.0542,0.0306,0.0592,359.65,3.5665,0.5611,0.1115,0.0628
ST7062J0-PSG.edf,Wake,0.8183,0.048,0.044,0.0165,0.0478,733.05,12.2925,0.4872,0.3062,0.0354
ST7071J0-PSG.edf,N1,0.6135,0.1638,0.102,0.0489,0.0755,517.5,7.5725,0.434,0.1728,0.0512
ST7071J0-PSG.edf,N2,0.7883,0.1279,0.0495,0.039,0.0345,249.8,2.645,0.7527,0.0589,0.0368
ST7071J0-PSG.edf,N3,0.916,0.0609,0.0174,0.0131,0.009,160.05,2.216,0.9044,0.0179,0.0105
ST7071J0-PSG.edf,REM,0.7114,0.1693,0.0591,0.0335,0.0455,436.2,2.1615,0.5316,0.1024,0.0446
ST7071J0-PSG.edf,Wake,0.8288,0.065,0.0596,0.0156,0.0382,574.1,11.288,0.239,0.4114,0.0585
ST7072J0-PSG.edf,N1,0.6983,0.1393,0.0794,0.0489,0.0738,351.2,9.351,0.5805,0.1122,0.0554
ST7072J0-PSG.edf,N2,0.7573,0.1106,0.0699,0.0722,0.0547,71.4,4.591,0.7247,0.0825,0.0715
ST7072J0-PSG.edf,N3,0.9196,0.048,0.0222,0.019,0.011,110.2,4.4375,0.9178,0.0178,0.0152
ST7072J0-PSG.edf,REM,0.6514,0.1909,0.0752,0.0412,0.0614,304.85,4.208,0.4956,0.14,0.0586
ST7072J0-PSG.edf,Wake,0.8761,0.0739,0.0227,0.0082,0.0205,651.9,16.39,0.3569,0.2482,0.0632
ST7081J0-PSG.edf,N1,0.6703,0.1054,0.0896,0.057,0.1106,397.0,5.656,0.5111,0.1689,0.1059
ST7081J0-PSG.edf,N2,0.7666,0.092,0.0576,0.0739,0.0741,92.85,3.442,0.647,0.1032,0.1052
ST7081J0-PSG.edf,N3,0.9162,0.0462,0.0202,0.021,0.0161,123.1,3.1475,0.8426,0.0353,0.0339
ST7081J0-PSG.edf,REM,0.7103,0.1551,0.0597,0.0525,0.0778,270.5,3.9265,0.5704,0.1346,0.0908
ST7081J0-PSG.edf,Wake,0.7466,0.0586,0.0833,0.038,0.1073,727.3,8.076,0.1697,0.4619,0.1096
ST7082J0-PSG.edf,N1,0.6338,0.1304,0.1017,0.0581,0.1261,500.3,19.481,0.4603,0.2011,0.0894
ST7082J0-PSG.edf,N2,0.8528,0.0838,0.0285,0.0305,0.0308,128.5,11.078,0.7469,0.0641,0.055
ST7082J0-PSG.edf,N3,0.9432,0.038,0.0107,0.0098,0.0088,127.1,10.971,0.8883,0.0217,0.0165
ST7082J0-PSG.edf,REM,0.7731,0.13,0.0465,0.0311,0.0488,580.8,14.175,0.6051,0.126,0.0704
ST7082J0-PSG.edf,Wake,0.5562,0.1012,0.1571,0.0722,0.1406,561.6,20.248,0.1672,0.468,0.109
ST7091J0-PSG.edf,N1,0.6408,0.1422,0.0895,0.0451,0.0924,232.2,9.148,0.4903,0.1722,0.084
ST7091J0-PSG.edf,N2,0.7707,0.091,0.06,0.0696,0.0721,87.15,5.2625,0.616,0.1053,0.1131
ST7091J0-PSG.edf,N3,0.914,0.0449,0.025,0.0249,0.0186,87.0,3.0115,0.8445,0.0397,0.036
ST7091J0-PSG.edf,REM,0.6136,0.2046,0.0702,0.04,0.0874,330.7,4.3785,0.5308,0.1426,0.0855
ST7091J0-PSG.edf,Wake,0.5938,0.1162,0.1043,0.0489,0.1108,416.6,21.216,0.4442,0.2471,0.0835
ST7092J0-PSG.edf,N1,0.7155,0.1418,0.0678,0.0317,0.0662,322.7,11.46,0.5334,0.1594,0.0706
ST7092J0-PSG.edf,N2,0.7954,0.0934,0.048,0.0511,0.0562,123.8,8.023,0.6594,0.0864,0.0825
ST7092J0-PSG.edf,N3,0.9154,0.0492,0.0232,0.019,0.0168,93.25,5.8745,0.8369,0.0377,0.0288
ST7092J0-PSG.edf,REM,0.6472,0.187,0.07,0.0386,0.0798,395.35,6.116,0.606,0.1169,0.0547
ST7092J0-PSG.edf,Wake,0.8724,0.0534,0.0299,0.0168,0.0374,665.25,39.321,0.4026,0.2861,0.089
ST7101J0-PSG.edf,N1,0.6276,0.193,0.0663,0.0404,0.0942,650.65,5.3795,0.646,0.0698,0.0407
ST7101J0-PSG.edf,N2,0.7384,0.1395,0.0647,0.0686,0.0571,236.2,3.753,0.7582,0.0601,0.0627
ST7101J0-PSG.edf,N3,0.8915,0.0675,0.0264,0.0171,0.0136,178.4,3.887,0.9123,0.021,0.0135
ST7101J0-PSG.edf,OTHER,0.7048,0.087,0.0685,0.0417,0.1209,788.9,19.094,0.8749,0.0392,0.0277
ST7101J0-PSG.edf,REM,0.6886,0.218,0.0506,0.0229,0.0387,542.0,2.466,0.7436,0.0536,0.0196
ST7101J0-PSG.edf,Wake,0.7756,0.098,0.0444,0.024,0.0721,611.2,7.707,0.2284,0.4598,0.0699
ST7102J0-PSG.edf,N1,0.6113,0.1975,0.064,0.044,0.0993,744.0,4.6635,0.6592,0.0815,0.0485
ST7102J0-PSG.edf,N2,0.6991,0.1023,0.0856,0.1092,0.088,91.75,2.9835,0.7278,0.0804,0.0958
ST7102J0-PSG.edf,N3,0.9294,0.0416,0.0199,0.0149,0.0104,135.5,3.5135,0.9466,0.0124,0.008
ST7102J0-PSG.edf,OTHER,0.865,0.0272,0.0253,0.0261,0.076,1574.8,36.8105,0.9886,0.0026,0.0015
ST7102J0-PSG.edf,REM,0.7253,0.1386,0.0478,0.0358,0.0625,339.9,2.088,0.7288,0.0656,0.0403
ST7102J0-PSG.edf,Wake,0.8314,0.0749,0.0253,0.0158,0.0649,842.0,5.26,0.2363,0.4466,0.0544
ST7111J0-PSG.edf,N1,0.7973,0.0647,0.048,0.041,0.0714,625.5,8.07,0.6511,0.0691,0.0404
ST7111J0-PSG.edf,N2,0.7016,0.095,0.0644,0.1237,0.1194,109.5,5.102,0.6256,0.0818,0.1178
ST7111J0-PSG.edf,N3,0.9711,0.0162,0.0074,0.0072,0.005,233.3,3.571,0.96,0.0092,0.0076
ST7111J0-PSG.edf,OTHER,0.6824,0.1021,0.0633,0.1448,0.1349,143.95,5.056,0.6523,0.0744,0.1385
ST7111J0-PSG.edf,REM,0.7707,0.1241,0.0379,0.0255,0.0508,331.1,5.167,0.7679,0.0461,0.0255
ST7111J0-PSG.edf,Wake,0.8615,0.0758,0.0306,0.0164,0.0425,1238.2,15.247,0.5022,0.1227,0.0877
ST7112J0-PSG.edf,N1,0.7027,0.1177,0.0747,0.0559,0.1243,656.3,8.219,0.5983,0.1112,0.0577
ST7112J0-PSG.edf,N2,0.7301,0.1027,0.0604,0.0993,0.092,143.0,4.2055,0.6322,0.0864,0.1068
ST7112J0-PSG.edf,N3,0.9577,0.0268,0.0089,0.0083,0.0068,241.0,3.468,0.9474,0.0114,0.009
ST7112J0-PSG.edf,OTHER,0.7806,0.0794,0.0456,0.0368,0.0758,953.15,23.8575,0.9712,0.01,0.0052
ST7112J0-PSG.edf,REM,0.7634,0.1398,0.0403,0.0227,0.048,513.8,3.551,0.7235,0.0587,0.0243
ST7112J0-PSG.edf,Wake,0.877,0.0782,0.0235,0.0102,0.0316,1379.6,13.866,0.4393,0.1474,0.0785
ST7121J0-PSG.edf,N1,0.7062,0.1248,0.0672,0.0597,0.0888,636.85,12.066,0.6224,0.1116,0.061
ST7121J0-PSG.edf,N2,0.749,0.0979,0.0928,0.0944,0.0475,200.85,5.168,0.6986,0.1006,0.0955
ST7121J0-PSG.edf,N3,0.9208,0.0446,0.025,0.0207,0.0089,183.5,5.993,0.9018,0.026,0.019
ST7121J0-PSG.edf,OTHER,0.8574,0.0526,0.0346,0.0318,0.0684,932.4,49.493,0.8682,0.0361,0.0271
ST7121J0-PSG.edf,REM,0.698,0.1667,0.0635,0.0349,0.0458,407.6,5.09,0.6187,0.1223,0.0527
ST7121J0-PSG.edf,Wake,0.8212,0.0856,0.0362,0.027,0.0578,734.3,12.7785,0.4444,0.164,0.132
ST7122J0-PSG.edf,N1,0.7073,0.1268,0.057,0.0488,0.0988,597.3,10.086,0.6172,0.1059,0.0646
ST7122J0-PSG.edf,N2,0.6771,0.0953,0.1487,0.1489,0.0538,99.4,4.985,0.6537,0.1441,0.1376
ST7122J0-PSG.edf,N3,0.9312,0.0335,0.0292,0.0222,0.0059,142.65,5.54,0.9476,0.0147,0.0116
ST7122J0-PSG.edf,OTHER,0.9192,0.0241,0.0181,0.0168,0.0377,870.0,50.263,0.8956,0.0278,0.0237
ST7122J0-PSG.edf,REM,0.7212,0.1483,0.0485,0.0336,0.057,506.85,5.772,0.6284,0.1003,0.0614
ST7122J0-PSG.edf,Wake,0.8506,0.0633,0.0282,0.0204,0.0463,917.75,9.5405,0.5003,0.2222,0.0822
ST7131J0-PSG.edf,N1,0.7122,0.0908,0.0482,0.0373,0.0849,296.45,14.556,0.6596,0.0747,0.0388
ST7131J0-PSG.edf,N2,0.85,0.073,0.0438,0.0416,0.0222,83.5,4.2075,0.802,0.0521,0.0399
ST7131J0-PSG.edf,N3,0.9561,0.0273,0.013,0.0079,0.0031,141.0,3.579,0.953,0.0086,0.0046
ST7131J0-PSG.edf,REM,0.7254,0.1816,0.0461,0.0248,0.0452,245.2,4.194,0.5573,0.1072,0.0414
ST7131J0-PSG.edf,Wake,0.9046,0.0653,0.0161,0.0066,0.0151,408.35,21.4015,0.4198,0.216,0.0349
ST7132J0-PSG.edf,N1,0.8016,0.0782,0.039,0.0268,0.045,512.4,8.015,0.702,0.0557,0.0328
ST7132J0-PSG.edf,N2,0.8957,0.0642,0.0241,0.0214,0.0146,134.2,5.2335,0.8102,0.0404,0.025
ST7132J0-PSG.edf,N3,0.9554,0.0358,0.007,0.0037,0.0022,168.1,4.369,0.9522,0.0062,0.0029
ST7132J0-PSG.edf,REM,0.7628,0.1497,0.0442,0.0205,0.0354,369.75,5.94,0.5901,0.1001,0.0349
ST7132J0-PSG.edf,Wake,0.8726,0.0678,0.0217,0.0111,0.0272,519.85,11.0025,0.3588,0.2561,0.0536
ST7141J0-PSG.edf,N1,0.7421,0.13,0.0485,0.0367,0.0823,391.7,8.1355,0.5943,0.1079,0.0543
ST7141J0-PSG.edf,N2,0.8076,0.0821,0.0591,0.0566,0.0424,124.15,4.837,0.7526,0.0846,0.0582
ST7141J0-PSG.edf,N3,0.9597,0.0237,0.01,0.0087,0.0063,154.2,4.01,0.943,0.0136,0.0089
ST7141J0-PSG.edf,OTHER,0.7762,0.0764,0.054,0.0565,0.0434,400.65,8.9345,0.729,0.0931,0.0532
ST7141J0-PSG.edf,REM,0.7514,0.1594,0.0396,0.0226,0.0395,347.95,3.322,0.7164,0.0662,0.0335
ST7141J0-PSG.edf,Wake,0.9093,0.0408,0.0217,0.014,0.0303,975.6,21.99,0.5304,0.1195,0.0839
ST7142J0-PSG.edf,N1,0.6683,0.1272,0.0643,0.0561,0.1272,359.6,34.011,0.5617,0.1059,0.068
ST7142J0-PSG.edf,N2,0.7224,0.0872,0.0954,0.113,0.0622,70.7,3.345,0.6913,0.1188,0.1024
ST7142J0-PSG.edf,N3,0.9642,0.0196,0.0103,0.0096,0.0071,131.8,3.037,0.9626,0.0106,0.0069
ST7142J0-PSG.edf,OTHER,0.7391,0.1105,0.0483,0.0357,0.0538,224.5,3.124,0.764,0.0622,0.0345
ST7142J0-PSG.edf,REM,0.7304,0.1339,0.0527,0.0395,0.0541,146.9,2.369,0.7203,0.0714,0.042
ST7142J0-PSG.edf,Wake,0.8164,0.0635,0.0478,0.0259,0.0629,761.4,50.352,0.6025,0.1599,0.0807
ST7151J0-PSG.edf,N1,0.7695,0.0635,0.0176,0.0136,0.0122,123.05,4.201,0.5142,0.0409,0.0266
ST7151J0-PSG.edf,N2,0.8105,0.0792,0.0262,0.0242,0.0293,161.35,3.24,0.6266,0.065,0.0388
ST7151J0-PSG.edf,N3,0.6857,0.0476,0.0111,0.0079,0.0071,106.6,4.578,0.4566,0.032,0.0207
ST7151J0-PSG.edf,REM,0.7973,0.1121,0.0391,0.031,0.0406,284.2,2.598,0.6092,0.0885,0.0405
ST7151J0-PSG.edf,Wake,0.0,0.0,0.0,0.0,0.0,0.0,659.037,0.0,0.0,0.0
ST7152J0-PSG.edf,N1,0.598,0.113,0.086,0.0701,0.1822,373.2,6.039,0.4717,0.1775,0.0643
ST7152J0-PSG.edf,N2,0.7731,0.1044,0.0499,0.0661,0.065,80.2,2.699,0.6062,0.0778,0.0687
ST7152J0-PSG.edf,N3,0.9191,0.0511,0.0196,0.013,0.0105,137.3,2.426,0.8191,0.0348,0.0248
ST7152J0-PSG.edf,REM,0.7397,0.1454,0.0481,0.0354,0.057,505.6,2.975,0.5682,0.111,0.0425
ST7152J0-PSG.edf,Wake,0.7579,0.0736,0.0381,0.0334,0.0808,368.05,18.8565,0.4432,0.1456,0.0786
ST7161J0-PSG.edf,N1,0.8178,0.0821,0.0496,0.0312,0.0484,149.45,4.6195,0.6667,0.0751,0.0555
ST7161J0-PSG.edf,N2,0.7648,0.106,0.0655,0.0505,0.0586,116.5,4.303,0.6243,0.0903,0.0627
ST7161J0-PSG.edf,N3,0.8742,0.0606,0.0424,0.0268,0.0166,101.4,2.7675,0.7885,0.0602,0.0376
ST7161J0-PSG.edf,REM,0.6919,0.1512,0.0685,0.05,0.0785,253.4,3.3615,0.5518,0.0977,0.0612
ST7161J0-PSG.edf,Wake,0.827,0.0729,0.0437,0.0335,0.0508,122.7,5.6125,0.6242,0.0842,0.0668
ST7162J0-PSG.edf,N1,0.4942,0.1672,0.1064,0.0854,0.1706,271.0,5.6575,0.2242,0.137,0.1036
ST7162J0-PSG.edf,N2,0.7976,0.1066,0.0512,0.0369,0.0417,155.65,4.828,0.6681,0.0759,0.0436
ST7162J0-PSG.edf,N3,0.9202,0.0494,0.0212,0.0103,0.0085,177.25,7.288,0.8452,0.0331,0.0154
ST7162J0-PSG.edf,REM,0.7708,0.1182,0.0451,0.0344,0.0497,520.6,2.736,0.5107,0.1057,0.0559
ST7162J0-PSG.edf,Wake,0.7138,0.1014,0.0584,0.0502,0.1181,276.5,8.456,0.259,0.1365,0.1338
ST7171J0-PSG.edf,N1,0.8121,0.0904,0.0479,0.0262,0.039,293.9,4.106,0.6744,0.0872,0.04
ST7171J0-PSG.edf,N2,0.8528,0.0893,0.0345,0.0208,0.0217,105.5,3.256,0.7796,0.0545,0.0286
ST7171J0-PSG.edf,N3,0.9483,0.0354,0.0109,0.0052,0.0049,114.25,3.278,0.902,0.0239,0.0105
ST7171J0-PSG.edf,REM,0.6702,0.1811,0.0724,0.0318,0.0749,362.9,3.092,0.6827,0.0724,0.0327
ST7171J0-PSG.edf,Wake,0.7547,0.0705,0.053,0.034,0.1174,395.5,7.283,0.2042,0.2599,0.0958
ST7172J0-PSG.edf,N1,0.7714,0.0884,0.0527,0.0379,0.0758,189.15,6.8105,0.6522,0.0909,0.0576
ST7172J0-PSG.edf,N2,0.8222,0.0875,0.0442,0.037,0.0428,84.4,5.1655,0.7483,0.0642,0.044
ST7172J0-PSG.edf,N3,0.9516,0.028,0.0129,0.0081,0.0061,105.5,4.901,0.915,0.0233,0.0125
ST7172J0-PSG.edf,REM,0.6845,0.1484,0.0513,0.031,0.0966,188.95,5.047,0.6982,0.0659,0.0398
ST7172J0-PSG.edf,Wake,0.7211,0.0833,0.0593,0.0433,0.119,315.7,10.003,0.2354,0.2131,0.1083
ST7181J0-PSG.edf,N1,0.3039,0.0582,0.0979,0.0716,0.5154,194.8,5.897,0.1498,0.3167,0.1295
ST7181J0-PSG.edf,N2,0.6671,0.1166,0.1025,0.0934,0.0937,86.4,3.258,0.5864,0.1025,0.0892
ST7181J0-PSG.edf,N3,0.7433,0.1144,0.1011,0.0596,0.0462,94.9,2.645,0.6357,0.0989,0.0808
ST7181J0-PSG.edf,REM,0.4316,0.1097,0.0684,0.0729,0.3892,115.0,3.241,0.5212,0.1033,0.0716
ST7181J0-PSG.edf,Wake,0.4657,0.0518,0.0758,0.0598,0.3576,361.65,8.911,0.2008,0.2838,0.118
ST7182J0-PSG.edf,N1,0.5722,0.1443,0.0723,0.0543,0.1689,163.7,5.13,0.6,0.0939,0.0515
ST7182J0-PSG.edf,N2,0.6648,0.1129,0.0701,0.0546,0.0799,115.0,4.955,0.5916,0.0903,0.0582
ST7182J0-PSG.edf,N3,0.7028,0.1251,0.0702,0.0638,0.0751,112.25,4.0325,0.5831,0.0935,0.0659
ST7182J0-PSG.edf,REM,0.688,0.1299,0.0762,0.0604,0.0722,102.5,4.329,0.6354,0.0826,0.0528
ST7182J0-PSG.edf,Wake,0.5316,0.1021,0.0494,0.0339,0.0892,123.1,6.1875,0.5152,0.0846,0.0418
ST7191J0-PSG.edf,N1,0.6761,0.1012,0.0711,0.0448,0.0528,224.1,9.006,0.6171,0.1024,0.0481
ST7191J0-PSG.edf,N2,0.6708,0.1249,0.0713,0.0438,0.0557,207.7,7.656,0.6076,0.1078,0.0552
ST7191J0-PSG.edf,N3,0.7866,0.0886,0.0542,0.0456,0.045,295.6,5.835,0.6766,0.0926,0.0555
ST7191J0-PSG.edf,REM,0.7948,0.0804,0.0636,0.0495,0.0472,177.25,8.121,0.7212,0.0904,0.0586
ST7191J0-PSG.edf,Wake,0.2956,0.015,0.0059,0.0026,0.0041,54.6,965.53,0.0857,0.0067,0.0042
ST7192J0-PSG.edf,N1,0.4991,0.1739,0.1381,0.0586,0.1048,785.2,7.991,0.465,0.2073,0.0511
ST7192J0-PSG.edf,N2,0.7486,0.1253,0.0732,0.0538,0.0502,168.8,2.933,0.6713,0.0916,0.0545
ST7192J0-PSG.edf,N3,0.9392,0.0458,0.0113,0.006,0.0046,233.3,2.6135,0.9098,0.0158,0.0066
ST7192J0-PSG.edf,REM,0.6899,0.1942,0.0658,0.0272,0.0376,718.0,2.364,0.6015,0.118,0.0373
ST7192J0-PSG.edf,Wake,0.8134,0.0868,0.0467,0.0258,0.0458,1013.7,8.878,0.4052,0.2748,0.0647
ST7201J0-PSG.edf,N1,0.7543,0.0993,0.0554,0.0341,0.0548,399.9,7.531,0.5956,0.1191,0.0714
ST7201J0-PSG.edf,N2,0.7902,0.0963,0.0499,0.0393,0.0485,160.6,4.4745,0.6936,0.0801,0.0624
ST7201J0-PSG.edf,N3,0.8882,0.057,0.0259,0.0227,0.0272,215.5,4.675,0.7492,0.0525,0.0442
ST7201J0-PSG.edf,OTHER,0.7745,0.1465,0.056,0.0431,0.0363,196.3,4.344,0.6916,0.0877,0.0498
ST7201J0-PSG.edf,REM,0.8094,0.0922,0.0502,0.0443,0.041,134.95,5.802,0.7488,0.0702,0.0612
ST7201J0-PSG.edf,Wake,0.8166,0.0983,0.0473,0.0371,0.049,154.6,4.177,0.6182,0.1163,0.077
ST7202J0-PSG.edf,N1,0.6821,0.0912,0.0754,0.0677,0.1159,214.8,13.731,0.5504,0.144,0.1018
ST7202J0-PSG.edf,N2,0.6962,0.0839,0.0678,0.0835,0.0934,112.1,8.744,0.6381,0.0933,0.1041
ST7202J0-PSG.edf,N3,0.8309,0.052,0.0683,0.0778,0.0456,120.3,5.629,0.8186,0.0596,0.0716
ST7202J0-PSG.edf,OTHER,0.6127,0.2293,0.0668,0.0311,0.095,962.45,14.445,0.5656,0.1349,0.0535
ST7202J0-PSG.edf,REM,0.6958,0.1161,0.0588,0.0451,0.0816,325.95,13.4395,0.6067,0.1036,0.0781
ST7202J0-PSG.edf,Wake,0.6739,0.1028,0.0761,0.0604,0.0988,106.6,10.839,0.5966,0.1102,0.0905
ST7211J0-PSG.edf,N1,0.4457,0.0942,0.1181,0.1222,0.2804,451.4,4.149,0.3918,0.213,0.1056
ST7211J0-PSG.edf,N2,0.5732,0.1014,0.1018,0.1858,0.1918,156.4,3.558,0.5536,0.0938,0.1781
ST7211J0-PSG.edf,N3,0.8453,0.0484,0.0519,0.0744,0.0483,151.3,3.978,0.8545,0.0346,0.0662
ST7211J0-PSG.edf,REM,0.5395,0.15,0.0758,0.0579,0.2084,524.25,3.003,0.4556,0.1324,0.072
ST7211J0-PSG.edf,Wake,0.6842,0.0568,0.0829,0.0471,0.1668,536.7,9.6905,0.2562,0.3141,0.1124
ST7212J0-PSG.edf,N1,0.5735,0.1488,0.115,0.0846,0.1603,786.3,4.405,0.4338,0.2049,0.0868
ST7212J0-PSG.edf,N2,0.6946,0.1198,0.0821,0.0985,0.0989,388.2,4.248,0.6382,0.0871,0.0989
ST7212J0-PSG.edf,N3,0.9108,0.0428,0.026,0.0262,0.0177,232.2,6.6795,0.8905,0.0236,0.0304
ST7212J0-PSG.edf,REM,0.5692,0.1571,0.1101,0.065,0.1298,826.4,5.956,0.4578,0.1758,0.0727
ST7212J0-PSG.edf,Wake,0.7816,0.0566,0.0565,0.0377,0.0893,872.4,22.333,0.4029,0.2878,0.0822
ST7221J0-PSG.edf,N1,0.6239,0.1929,0.1065,0.0544,0.0722,258.2,4.084,0.4887,0.1687,0.0795
ST7221J0-PSG.edf,N2,0.7654,0.1534,0.0562,0.031,0.0279,88.8,2.9155,0.6841,0.0818,0.0463
ST7221J0-PSG.edf,N3,0.9238,0.0572,0.014,0.0083,0.0066,94.15,2.277,0.8978,0.015,0.0084
ST7221J0-PSG.edf,REM,0.5687,0.2267,0.1333,0.0506,0.0593,446.8,1.947,0.4623,0.2096,0.0839
ST7221J0-PSG.edf,Wake,0.576,0.1384,0.1026,0.0527,0.1216,493.0,14.577,0.3351,0.218,0.1158
ST7222J0-PSG.edf,N1,0.6002,0.1823,0.1221,0.0719,0.092,216.8,28.679,0.4926,0.1781,0.0952
ST7222J0-PSG.edf,N2,0.7341,0.144,0.0693,0.0465,0.0438,70.3,8.403,0.6476,0.1006,0.0667
ST7222J0-PSG.edf,REM,0.5612,0.2084,0.1318,0.0599,0.0796,406.9,15.701,0.4736,0.207,0.098
ST7222J0-PSG.edf,Wake,0.4466,0.1451,0.2062,0.0799,0.1512,306.2,135.958,0.2381,0.3572,0.1452
ST7241J0-PSG.edf,N1,0.85,0.0981,0.0272,0.0215,0.0237,454.85,7.051,0.7227,0.0656,0.0356
ST7241J0-PSG.edf,N2,0.832,0.1142,0.0293,0.0182,0.0204,153.25,7.139,0.7276,0.0566,0.0306
ST7241J0-PSG.edf,N3,0.9178,0.0647,0.0113,0.008,0.0065,212.4,4.944,0.857,0.0254,0.0145
ST7241J0-PSG.edf,OTHER,0.7319,0.1645,0.0351,0.0219,0.0191,1117.0,5.761,0.7466,0.0568,0.0297
ST7241J0-PSG.edf,REM,0.8286,0.1138,0.0288,0.017,0.0207,169.2,7.935,0.7067,0.0595,0.0294
ST7241J0-PSG.edf,Wake,0.8428,0.102,0.0302,0.0187,0.0235,425.6,10.8,0.6673,0.0661,0.0309
ST7242J0-PSG.edf,N1,0.8858,0.0754,0.0136,0.008,0.0164,149.25,5.132,0.8078,0.0376,0.0262
ST7242J0-PSG.edf,N2,0.8229,0.1062,0.0332,0.0241,0.0301,131.8,4.106,0.7269,0.0599,0.0364
ST7242J0-PSG.edf,N3,0.8961,0.0699,0.0221,0.0174,0.0156,136.6,8.951,0.8122,0.0404,0.0268
ST7242J0-PSG.edf,OTHER,0.7391,0.1626,0.0506,0.0409,0.0494,91.9,2.754,0.6381,0.0743,0.0582
ST7242J0-PSG.edf,REM,0.8604,0.0884,0.0271,0.018,0.0223,159.65,4.6065,0.747,0.06,0.0319
ST7242J0-PSG.edf,Wake,0.8111,0.1105,0.0273,0.0229,0.0272,123.1,4.786,0.8225,0.0332,0.026
