stem,n_bench,sec,depth_spearman,rem_f1,rem_precision,rem_recall,rem_pred_rate,rem_true_rate,sdi_Wake,sdi_N1,sdi_N2,sdi_N3,sdi_REM
SC4001,841,48.7,0.901,0.7004,0.7411,0.664,0.1332,0.1486,0.115,0.165,0.526,0.948,0.316
SC4002,1127,48.3,0.923,0.5714,0.7407,0.4651,0.1198,0.1908,0.037,0.226,0.505,0.948,0.214
SC4011,1103,39.6,0.423,0.7467,0.6829,0.8235,0.1859,0.1541,0.577,0.234,0.525,0.985,0.518
SC4012,1186,50.4,0.504,0.7005,0.633,0.7841,0.1838,0.1484,0.423,0.227,0.53,0.987,0.438
SC4021,1025,45.0,0.819,0.7697,0.7605,0.7791,0.1629,0.159,0.061,0.115,0.545,0.975,0.405
SC4022,1009,44.2,0.748,0.7152,0.7815,0.6592,0.1497,0.1774,0.255,0.355,0.639,0.991,0.485
SC4031,952,48.7,0.814,0.8926,0.8905,0.8947,0.2206,0.2195,0.033,0.177,0.577,0.977,0.332
SC4032,911,46.0,0.881,0.7232,0.8258,0.6432,0.1701,0.2184,0.019,0.14,0.579,0.983,0.282
SC4041,1235,35.9,0.704,0.6758,0.5495,0.8776,0.2534,0.1587,0.142,0.119,0.421,0.938,0.322
SC4042,1200,38.4,0.78,0.7159,0.7132,0.7185,0.2267,0.225,0.109,0.097,0.44,0.951,0.276
SC4051,672,45.9,0.893,0.7634,0.7937,0.7353,0.0938,0.1012,0.098,0.173,0.576,0.963,0.443
SC4052,1246,44.7,0.743,0.7051,0.6024,0.85,0.2039,0.1445,0.149,0.176,0.424,0.964,0.347
SC4061,843,37.7,0.887,0.7345,0.8667,0.6373,0.089,0.121,0.008,0.103,0.478,0.987,0.312
SC4062,1016,38.9,0.846,0.772,0.7487,0.7968,0.1959,0.1841,0.106,0.179,0.439,0.989,0.467
SC4071,976,38.3,0.856,0.5643,0.9634,0.399,0.084,0.2029,0.077,0.058,0.382,0.935,0.168
SC4072,1273,38.0,0.926,0.629,0.7739,0.5298,0.0903,0.132,0.01,0.067,0.379,0.951,0.155
SC4081,1134,38.9,0.906,0.6641,0.68,0.6489,0.1102,0.1155,0.07,0.155,0.745,0.971,0.517
SC4082,1054,35.8,0.865,0.7292,0.8182,0.6577,0.1983,0.2467,0.229,0.246,0.713,0.983,0.55
SC4091,1132,37.6,0.843,0.6866,0.6793,0.694,0.2094,0.2049,0.028,0.144,0.467,0.929,0.483
SC4092,1104,40.9,0.853,0.7911,0.8553,0.7358,0.2065,0.24,0.013,0.153,0.485,0.979,0.296
SC4101,1104,37.3,0.465,0.663,0.7829,0.5749,0.1377,0.1875,0.214,0.083,0.358,0.903,0.303
SC4102,1092,39.2,0.58,0.6757,0.731,0.6281,0.1566,0.1822,0.236,0.12,0.424,0.945,0.422
SC4111,928,42.4,0.414,0.037,0.75,0.019,0.0043,0.1703,0.053,0.053,0.054,0.29,0.008
SC4112,802,45.7,0.794,0.4569,0.9783,0.298,0.0574,0.1883,0.032,0.134,0.441,0.871,0.167
SC4121,1052,46.2,0.833,0.7826,0.9553,0.6628,0.1702,0.2452,0.068,0.248,0.488,0.981,0.355
SC4122,977,42.7,0.845,0.7069,0.8864,0.5879,0.1351,0.2037,0.096,0.305,0.52,0.988,0.422
SC4131,1028,39.3,0.843,0.8258,0.7989,0.8547,0.179,0.1673,0.062,0.082,0.421,0.979,0.317
SC4141,1004,36.9,0.896,0.8517,0.9622,0.7639,0.1843,0.2321,0.035,0.201,0.501,0.945,0.387
SC4142,952,37.9,0.898,0.4532,0.9692,0.2958,0.0683,0.2237,0.012,0.081,0.321,0.934,0.113
SC4151,952,42.2,0.888,0.7721,0.8727,0.6923,0.1733,0.2185,0.076,0.164,0.54,0.979,0.462
SC4152,1762,47.0,0.889,0.7019,0.9171,0.5685,0.1027,0.1657,0.007,0.17,0.482,0.97,0.341
SC4161,1144,46.9,0.784,0.7895,0.8333,0.75,0.2045,0.2273,0.251,0.265,0.567,0.959,0.476
SC4162,1003,50.9,0.699,0.6826,0.8201,0.5846,0.1386,0.1944,0.209,0.101,0.438,0.904,0.218
SC4171,1002,53.1,0.823,0.6107,0.7844,0.5,0.1667,0.2615,0.349,0.587,0.734,0.969,0.574
SC4172,1773,46.1,0.84,0.574,0.5723,0.5758,0.0936,0.0931,0.134,0.156,0.58,0.97,0.44
SC4181,964,41.0,0.837,0.736,0.697,0.7797,0.1369,0.1224,0.108,0.088,0.439,0.902,0.391
SC4182,920,41.1,0.9,0.5124,0.4921,0.5345,0.137,0.1261,0.03,0.122,0.377,0.944,0.228
SC4191,1535,45.9,0.749,0.5495,0.5769,0.5245,0.1694,0.1863,0.136,0.164,0.442,0.955,0.41
SC4192,1274,47.7,0.818,0.6133,0.8342,0.4849,0.1515,0.2606,0.144,0.169,0.545,0.898,0.362
SC4201,1022,51.1,0.716,0.5603,0.7524,0.4463,0.1027,0.1732,0.089,0.163,0.397,0.866,0.202
SC4202,1021,42.7,0.684,0.0,0.0,0.0,0.0,0.2027,0.005,0.01,0.045,,0.008
SC4211,1578,7875.1,0.663,0.7195,0.6667,0.7815,0.1122,0.0957,0.148,0.2,0.489,0.949,0.25
SC4212,808,44.8,0.676,0.7721,0.6484,0.954,0.1584,0.1077,0.19,0.183,0.503,0.937,0.405
SC4221,1099,44.5,0.819,0.17,0.9444,0.0934,0.0164,0.1656,0.025,0.172,0.527,0.99,0.062
SC4222,1108,49.0,0.834,0.634,0.8661,0.5,0.1146,0.1986,0.019,0.107,0.369,0.933,0.107
SC4231,904,49.5,0.7,0.4735,0.9437,0.316,0.0785,0.2345,0.061,0.123,0.398,0.94,0.129
SC4232,1729,37.9,0.779,0.036,0.8,0.0184,0.0029,0.1255,0.001,0.129,0.084,0.758,0.01
SC4241,1673,47.5,0.58,0.767,0.8036,0.7337,0.1004,0.11,0.196,0.202,0.496,0.942,0.452
SC4242,1775,39.9,0.816,0.6136,0.9205,0.4602,0.0496,0.0992,0.026,0.078,0.443,0.945,0.207
SC4251,972,44.5,0.792,0.7742,0.812,0.7397,0.1368,0.1502,0.019,0.07,0.491,0.959,0.34
SC4252,1020,46.2,0.824,0.8,0.7845,0.8161,0.1775,0.1706,0.094,0.227,0.427,0.843,0.393
SC4261,1597,47.3,0.738,0.784,0.7153,0.8673,0.1716,0.1415,0.095,0.156,0.375,0.837,0.392
SC4262,980,52.8,0.794,0.7102,0.7862,0.6477,0.1622,0.1969,0.041,0.119,0.305,0.883,0.178
SC4271,1052,42.3,0.711,0.0,0.0,0.0,0.0,0.1654,0.018,0.028,0.061,0.451,0.006
SC4272,1090,40.2,0.841,0.4646,0.9324,0.3094,0.0679,0.2046,0.028,0.086,0.159,0.775,0.102
SC4281,1127,40.0,0.82,0.8287,0.7772,0.8876,0.1713,0.15,0.1,0.076,0.435,0.977,0.456
SC4282,1070,40.1,0.84,0.8123,0.7592,0.8735,0.1785,0.1551,0.054,0.055,0.414,0.967,0.357
SC4291,1131,40.3,0.862,0.2936,0.7442,0.1829,0.038,0.1547,0.022,0.069,0.318,0.95,0.106
SC4292,1605,40.5,0.841,0.6303,0.9455,0.4727,0.0685,0.1371,0.057,0.224,0.465,0.956,0.383
SC4301,929,40.0,0.82,0.5547,0.5299,0.582,0.1442,0.1313,0.023,0.13,0.349,0.691,0.161
SC4302,854,51.1,0.81,0.6147,0.7396,0.5259,0.1124,0.1581,0.014,0.096,0.295,0.565,0.124
SC4311,1054,42.5,0.914,0.7011,0.7364,0.669,0.1224,0.1347,0.005,0.09,0.365,0.817,0.192
SC4312,1181,40.2,0.904,0.6811,0.6283,0.7435,0.1914,0.1617,0.056,0.255,0.496,0.914,0.392
SC4321,1560,52.4,0.713,0.7504,0.7599,0.7413,0.1788,0.1833,0.095,0.284,0.393,,0.419
SC4322,1021,48.5,0.803,0.6728,0.7565,0.6058,0.189,0.236,0.028,0.09,0.331,0.767,0.244
SC4331,1888,50.9,0.777,0.7683,0.8231,0.7202,0.0779,0.089,0.04,0.259,0.406,,0.309
SC4332,1312,49.6,0.865,0.4554,0.7188,0.3333,0.0488,0.1052,0.005,0.111,0.339,,0.162
SC4341,1501,47.2,0.176,0.4571,0.5035,0.4186,0.0953,0.1146,0.291,0.086,0.27,,0.184
SC4342,1582,39.5,0.364,0.715,0.6273,0.8313,0.1391,0.1049,0.272,0.113,0.364,,0.365
SC4351,976,38.2,0.877,0.2472,0.1692,0.4583,0.0666,0.0246,0.107,0.189,0.496,0.886,0.275
SC4352,963,41.8,0.839,0.487,0.6512,0.3889,0.0447,0.0748,0.049,0.171,0.519,0.908,0.379
SC4362,824,39.8,0.772,0.3492,0.3793,0.3235,0.0704,0.0825,0.038,0.141,0.354,0.554,0.092
SC4371,918,41.0,0.533,0.2822,0.1949,0.5111,0.1285,0.049,0.248,0.171,0.348,0.624,0.46
SC4372,1509,40.2,0.765,0.4336,0.4083,0.4623,0.0795,0.0702,0.046,0.15,0.257,0.564,0.223
SC4381,1776,38.7,0.821,0.6501,0.4861,0.9812,0.1819,0.0901,0.049,0.247,0.444,0.692,0.512
SC4382,1871,40.0,0.862,0.3983,0.6667,0.284,0.0385,0.0903,0.005,0.066,0.279,0.675,0.1
SC4401,1064,38.4,0.862,0.8137,0.883,0.7545,0.0883,0.1034,0.025,0.204,0.494,0.71,0.427
SC4402,1072,40.3,0.885,0.5116,0.9778,0.3465,0.084,0.2369,0.037,0.17,0.46,0.899,0.253
SC4411,1078,43.0,0.784,0.2251,0.963,0.1275,0.025,0.1892,0.015,0.105,0.314,0.833,0.096
SC4412,924,74.8,0.899,0.4186,0.931,0.27,0.0314,0.1082,0.017,0.113,0.317,0.855,0.153
SC4421,785,66.9,0.845,0.8459,0.9752,0.7468,0.1541,0.2013,0.122,0.149,0.491,0.953,0.379
SC4422,884,46.9,0.687,0.7746,0.7882,0.7614,0.0962,0.0995,0.242,0.111,0.576,0.974,0.402
SC4431,699,64.1,0.795,0.3774,0.8,0.2469,0.0358,0.1159,0.057,0.118,0.348,0.888,0.128
SC4432,962,63.2,0.766,0.2783,0.9697,0.1624,0.0343,0.2048,0.076,0.047,0.191,0.828,0.082
SC4441,1195,43.9,0.861,0.1121,0.8571,0.06,0.0059,0.0837,0.011,0.07,0.225,0.803,0.03
SC4442,1092,54.3,0.803,0.6133,0.8519,0.4792,0.0495,0.0879,0.045,0.136,0.36,0.967,0.137
SC4451,1208,61.4,0.906,0.3412,0.9355,0.2086,0.0257,0.1151,0.013,0.03,0.295,0.947,0.128
SC4452,1166,55.6,0.909,0.7412,0.928,0.617,0.1072,0.1612,0.038,0.088,0.462,0.957,0.294
SC4461,983,65.3,0.809,0.8168,0.7237,0.9375,0.2319,0.179,0.082,0.185,0.496,0.9,0.506
SC4462,1022,48.0,0.755,0.8214,0.7816,0.8656,0.2016,0.182,0.068,0.155,0.439,0.865,0.37
SC4471,1187,46.2,0.88,0.4586,0.973,0.3,0.0312,0.1011,0.106,0.214,0.513,0.942,0.163
SC4472,2161,53.6,0.633,0.5135,0.5588,0.475,0.0472,0.0555,0.137,0.176,0.601,0.973,0.248
SC4481,2027,53.7,0.747,0.7603,0.887,0.6653,0.0873,0.1164,0.057,0.049,0.368,0.855,0.185
SC4482,1910,49.7,0.876,0.6828,0.7615,0.6188,0.0681,0.0838,0.009,0.102,0.401,0.956,0.176
SC4491,1101,47.5,0.838,0.5267,0.9405,0.3657,0.0763,0.1962,0.021,0.171,0.587,0.987,0.264
SC4492,1040,38.4,0.868,0.5083,0.9583,0.3459,0.0462,0.1279,0.029,0.174,0.595,0.987,0.202
SC4501,1326,46.4,0.833,0.4962,0.942,0.3368,0.052,0.1456,0.016,0.097,0.275,0.654,0.111
SC4502,1103,57.3,0.79,0.5188,0.92,0.3613,0.068,0.1732,0.047,0.138,0.329,0.704,0.149
SC4511,1087,60.6,0.646,0.5027,0.7705,0.373,0.0561,0.1159,0.045,0.096,0.266,0.856,0.074
SC4512,954,56.2,0.603,0.0174,0.3333,0.0089,0.0031,0.1174,0.007,0.038,0.067,0.19,0.011
SC4522,997,57.7,0.49,0.2991,0.6957,0.1905,0.0231,0.0843,0.165,0.099,0.256,0.617,0.233
SC4531,1096,50.3,0.828,0.7362,0.8219,0.6667,0.1332,0.1642,0.019,0.123,0.333,0.566,0.313
SC4532,1056,49.7,0.819,0.7758,0.8,0.7529,0.1515,0.161,0.025,0.153,0.464,0.849,0.441
SC4541,1716,48.0,0.702,0.6416,0.5949,0.6963,0.0921,0.0787,0.119,0.171,0.405,0.816,0.44
SC4542,1148,46.4,0.554,0.5357,0.5769,0.5,0.0906,0.1045,0.285,0.169,0.435,0.87,0.36
SC4551,1047,48.3,0.842,0.5258,0.5283,0.5234,0.1012,0.1022,0.008,0.101,0.287,0.556,0.185
SC4552,1090,48.5,0.848,0.8396,0.8154,0.8653,0.2385,0.2248,0.037,0.131,0.373,0.537,0.412
SC4561,1237,51.1,0.665,0.3562,0.7879,0.2301,0.0267,0.0914,0.085,0.126,0.465,0.915,0.162
SC4562,1148,52.7,0.641,0.6387,0.7525,0.5547,0.088,0.1193,0.176,0.184,0.58,0.961,0.394
SC4571,1227,54.0,0.796,0.6192,0.8025,0.504,0.128,0.2037,0.02,0.076,0.265,,0.234
SC4572,1095,54.4,0.775,0.7259,0.8125,0.656,0.1607,0.1991,0.01,0.058,0.264,0.748,0.204
SC4581,1095,50.0,0.746,0.2095,0.449,0.1366,0.0447,0.147,0.033,0.138,0.372,0.896,0.085
SC4582,1175,47.6,0.781,0.2815,0.3878,0.2209,0.0417,0.0732,0.028,0.161,0.296,0.602,0.106
SC4591,1840,45.3,0.775,0.4419,0.8837,0.2946,0.0467,0.1402,0.013,0.067,0.26,0.502,0.128
SC4592,1231,30.0,0.619,0.3452,0.8095,0.2194,0.0341,0.1259,0.052,0.088,0.22,0.5,0.126
SC4601,1349,79.4,0.811,0.3134,0.7234,0.2,0.0348,0.126,0.121,0.132,0.492,0.929,0.198
SC4602,2043,45.3,0.831,0.1208,1.0,0.0643,0.0078,0.1219,0.053,0.46,0.784,0.991,0.467
SC4611,1652,38.8,-0.18,0.0197,0.5714,0.01,0.0042,0.2415,0.151,0.013,0.026,0.102,0.013
SC4612,1062,40.7,0.152,0.0,0.0,0.0,0.0,0.2015,0.041,0.005,0.014,0.01,0.004
SC4621,1445,71.1,0.644,0.3363,0.2568,0.4872,0.1024,0.054,0.07,0.333,0.385,0.789,0.342
SC4622,1823,49.7,0.808,0.4758,0.4436,0.513,0.073,0.0631,0.024,0.198,0.39,0.753,0.434
SC4631,1063,44.1,0.835,0.5579,0.7571,0.4417,0.0659,0.1129,0.02,0.139,0.332,0.771,0.09
SC4632,1107,44.0,0.845,0.8235,0.8485,0.8,0.1192,0.1265,0.02,0.173,0.479,0.842,0.309
SC4641,1271,40.5,0.109,0.4548,0.3077,0.8718,0.1739,0.0614,0.272,0.063,0.281,,0.333
SC4642,2049,40.5,0.218,0.5455,0.407,0.8268,0.1259,0.062,0.267,0.14,0.316,,0.365
SC4651,2644,42.2,0.651,0.6781,0.7444,0.6226,0.0503,0.0601,0.15,0.13,0.467,0.912,0.484
SC4652,1929,41.5,0.813,0.4983,0.9231,0.3412,0.0404,0.1094,0.07,0.203,0.512,0.91,0.244
SC4661,2026,40.3,0.767,0.2876,0.5116,0.2,0.0212,0.0543,0.017,0.079,0.48,0.953,0.066
SC4662,1994,40.8,0.751,0.6921,0.7376,0.652,0.1108,0.1254,0.091,0.189,0.652,0.977,0.238
SC4671,1968,40.5,0.726,0.0385,0.4286,0.0201,0.0036,0.0757,0.042,0.095,0.224,0.521,0.072
SC4672,1021,37.8,0.686,0.4722,0.6939,0.3579,0.048,0.093,0.164,0.182,0.499,0.877,0.372
SC4701,1717,39.0,0.81,0.4261,0.2891,0.8095,0.1712,0.0612,0.039,0.207,0.372,0.669,0.356
SC4702,1515,38.1,0.836,0.5015,0.3527,0.8673,0.1591,0.0647,0.049,0.169,0.417,0.679,0.36
SC4711,1413,39.9,0.788,0.402,0.4767,0.3475,0.0609,0.0835,0.017,0.075,0.31,0.574,0.122
SC4712,1241,41.4,0.855,0.5855,0.4502,0.837,0.2023,0.1088,0.036,0.209,0.435,,0.439
SC4721,1031,34.0,0.709,0.6797,0.7879,0.5977,0.128,0.1688,0.037,0.113,0.218,,0.161
SC4722,1130,40.0,0.719,0.6278,0.5607,0.7132,0.1531,0.1204,0.105,0.171,0.341,,0.459
SC4731,2667,40.5,0.537,0.4414,0.2997,0.837,0.1414,0.0506,0.158,0.329,0.425,,0.442
SC4732,2318,36.4,0.526,0.4976,0.3671,0.7721,0.1234,0.0587,0.16,0.257,0.393,,0.451
SC4741,2210,39.1,0.603,0.6815,0.6483,0.7183,0.1068,0.0964,0.05,0.065,0.168,,0.219
SC4742,1063,38.4,0.484,0.4558,0.5152,0.4087,0.1552,0.1957,0.073,0.073,0.177,,0.146
SC4751,2044,39.2,0.507,0.4225,0.625,0.3191,0.0117,0.023,0.09,0.039,0.269,,0.204
SC4752,1049,36.0,0.745,0.0,0.0,0.0,0.0,0.0686,0.063,0.121,0.34,0.533,0.125
SC4761,1683,38.0,0.748,0.1429,0.4286,0.0857,0.0042,0.0208,0.011,0.032,0.152,0.466,0.062
SC4762,2662,40.9,0.542,0.1396,0.62,0.0787,0.0188,0.148,0.063,0.21,0.254,,0.101
SC4771,1325,40.4,0.82,0.1944,0.4,0.1284,0.0264,0.0823,0.009,0.067,0.322,0.685,0.044
SC4772,1324,32.5,0.81,0.3529,0.6111,0.2481,0.0408,0.1005,0.013,0.085,0.418,0.816,0.079
SC4801,1241,40.9,0.809,0.6816,0.5648,0.8592,0.1741,0.1144,0.056,0.223,0.485,0.838,0.383
SC4802,1229,41.3,0.833,0.6,0.7857,0.4853,0.0683,0.1107,0.027,0.238,0.555,0.993,0.17
SC4811,1293,34.8,0.846,0.7863,0.8903,0.7041,0.1199,0.1516,0.092,0.188,0.513,0.969,0.404
SC4812,1183,35.3,0.875,0.6635,0.9857,0.5,0.0592,0.1167,0.025,0.139,0.517,0.986,0.218
SC4821,1704,40.0,0.858,0.591,0.9252,0.4342,0.0628,0.1338,0.026,0.252,0.444,0.96,0.171
SC4822,1366,40.9,0.785,0.5754,0.7736,0.4581,0.0776,0.131,0.128,0.242,0.504,0.965,0.27
ST7011,1092,17.5,0.859,0.931,0.9818,0.8852,0.1007,0.1117,0.002,0.011,0.193,0.703,0.403
ST7012,1040,15.0,0.772,0.8701,0.9536,0.8,0.1452,0.1731,0.002,0.026,0.312,0.793,0.334
ST7021,920,14.7,0.857,0.8889,0.8914,0.8864,0.1902,0.1913,0.017,0.104,0.32,0.832,0.327
ST7022,944,15.1,0.878,0.8704,0.8545,0.8868,0.1748,0.1684,0.017,0.13,0.354,0.796,0.375
ST7041,1007,15.2,0.806,0.7493,0.9379,0.6239,0.144,0.2165,0.005,0.086,0.475,0.981,0.336
ST7042,1107,16.6,0.799,0.8706,0.9409,0.8102,0.168,0.1951,0.007,0.076,0.416,0.985,0.343
ST7051,1018,16.1,0.906,0.7424,0.8596,0.6533,0.168,0.221,0.009,0.158,0.399,0.931,0.346
ST7052,1034,16.1,0.921,0.7897,0.939,0.6814,0.1586,0.2186,0.01,0.084,0.414,0.942,0.325
ST7061,1008,15.9,0.679,0.9362,0.9837,0.893,0.244,0.2688,0.001,0.071,0.484,0.898,0.31
ST7062,952,16.0,0.649,0.8723,0.9152,0.8333,0.2353,0.2584,0.002,0.068,0.456,0.927,0.338
ST7071,821,13.1,0.932,0.8382,0.8382,0.8382,0.0828,0.0828,0.003,0.12,0.461,0.909,0.39
ST7072,803,13.8,0.916,0.8761,0.8684,0.8839,0.142,0.1395,0.005,0.137,0.459,0.941,0.372
ST7081,947,14.0,0.889,0.8931,1.0,0.8068,0.075,0.0929,0.003,0.078,0.44,0.938,0.4
ST7082,931,14.0,0.871,0.8867,0.9783,0.8108,0.0988,0.1192,0.003,0.082,0.592,0.958,0.405
ST7091,943,14.4,0.824,0.9213,0.9647,0.8817,0.1803,0.1972,0.012,0.08,0.349,0.672,0.368
ST7092,923,14.4,0.894,0.9085,0.9521,0.8688,0.1582,0.1733,0.006,0.067,0.32,0.728,0.319
ST7101,1042,16.0,0.893,0.7632,0.9732,0.6277,0.143,0.2217,0.016,0.097,0.417,0.822,0.355
ST7102,980,14.5,0.884,0.6391,0.9878,0.4723,0.1673,0.35,0.004,0.057,0.353,0.905,0.317
ST7111,1017,15.5,0.865,0.6123,1.0,0.4413,0.1367,0.3097,0.004,0.09,0.418,0.98,0.435
ST7112,978,14.8,0.842,0.7007,1.0,0.5392,0.1616,0.2996,0.005,0.093,0.445,0.943,0.417
ST7121,1026,15.2,0.806,0.7465,1.0,0.5955,0.155,0.2602,0.01,0.099,0.532,0.907,0.409
ST7122,945,14.6,0.855,0.8382,0.8906,0.7917,0.1354,0.1524,0.025,0.107,0.432,0.986,0.437
ST7131,859,13.7,0.809,0.9176,0.8764,0.963,0.2072,0.1886,0.001,0.114,0.551,0.996,0.481
ST7132,852,13.3,0.841,0.8725,0.9271,0.8241,0.2254,0.2535,0.009,0.181,0.665,0.997,0.453
ST7141,858,13.4,0.859,0.8223,0.9172,0.7452,0.197,0.2424,0.019,0.143,0.464,0.933,0.464
ST7142,873,13.4,0.804,0.5962,0.9167,0.4418,0.1375,0.2852,0.014,0.133,0.398,0.95,0.422
ST7151,897,18.7,0.924,0.9084,0.9538,0.8671,0.1449,0.1594,0.01,0.071,0.493,0.925,0.447
ST7152,1045,15.8,0.897,0.8556,0.9401,0.785,0.1598,0.1914,0.009,0.053,0.479,0.957,0.443
ST7161,1050,16.3,0.892,0.9077,0.9198,0.8958,0.1781,0.1829,0.004,0.077,0.296,0.794,0.403
ST7162,988,14.6,0.886,0.9262,1.0,0.8625,0.0698,0.081,0.01,0.04,0.234,0.795,0.369
ST7171,918,14.1,0.924,0.8426,0.934,0.7674,0.1155,0.1405,0.003,0.134,0.392,0.928,0.256
ST7172,1005,14.6,0.898,0.9045,0.8554,0.9595,0.1652,0.1473,0.004,0.106,0.317,0.933,0.324
ST7181,959,14.9,0.793,0.8285,0.9612,0.7279,0.1074,0.1418,0.002,0.005,0.354,0.682,0.181
ST7182,967,16.5,0.762,0.9044,0.9044,0.9044,0.2596,0.2596,0.001,0.022,0.415,0.885,0.231
ST7191,955,16.4,0.879,0.8418,0.9075,0.785,0.1812,0.2094,0.03,0.141,0.396,0.99,0.398
ST7192,931,15.8,0.717,0.8467,0.9721,0.75,0.1923,0.2492,0.003,0.068,0.495,0.996,0.369
ST7201,921,14.1,0.685,0.8178,0.8148,0.8209,0.1466,0.1455,0.005,0.106,0.48,0.949,0.297
ST7202,898,14.5,0.55,0.8844,0.8895,0.8793,0.1915,0.1938,0.008,0.067,0.435,0.895,0.244
ST7211,1063,15.7,0.871,0.9062,0.8841,0.9295,0.1543,0.1468,0.004,0.078,0.374,0.914,0.247
ST7212,1010,15.3,0.926,0.8679,0.9504,0.7986,0.1198,0.1426,0.003,0.106,0.43,0.967,0.254
ST7221,1029,16.0,0.869,0.8251,0.7554,0.9091,0.2702,0.2245,0.007,0.123,0.439,0.921,0.277
ST7222,951,14.0,0.823,0.9074,0.8643,0.955,0.2324,0.2103,0.008,0.091,0.377,,0.294
ST7241,1021,15.7,0.565,0.8869,0.9561,0.827,0.2008,0.2321,0.017,0.176,0.559,0.993,0.408
ST7242,939,14.9,0.717,0.8726,0.9514,0.8059,0.1534,0.181,0.006,0.115,0.472,0.989,0.364
